시행일자,부위,외기조건,용도,지역,열관류율
20180901,외벽,외기 직접,공동주택,중부1,0.15
20180901,외벽,외기 직접,공동주택 외,중부1,0.17
20180901,외벽,외기 간접,공동주택,중부1,0.21
20180901,외벽,외기 간접,공동주택 외,중부1,0.24
20180901,최상층 지붕,외기 직접,공동주택,중부1,0.15
20180901,최상층 지붕,외기 간접,공동주택,중부1,0.21
20180901,최상층 지붕,외기 직접,공동주택 외,중부1,0.15
20180901,최상층 지붕,외기 간접,공동주택 외,중부1,0.21
20180901,바닥난방인 최하층 바닥,외기 직접,공동주택,중부1,0.15
20180901,바닥난방이 아닌 최하층 바닥,외기 직접,공동주택,중부1,0.17
20180901,바닥난방인 최하층 바닥,외기 간접,공동주택,중부1,0.21
20180901,바닥난방이 아닌 최하층 바닥,외기 간접,공동주택,중부1,0.24
20180901,바닥난방인 최하층 바닥,외기 직접,공동주택 외,중부1,0.15
20180901,바닥난방이 아닌 최하층 바닥,외기 직접,공동주택 외,중부1,0.17
20180901,바닥난방인 최하층 바닥,외기 간접,공동주택 외,중부1,0.21
20180901,바닥난방이 아닌 최하층 바닥,외기 간접,공동주택 외,중부1,0.24
20180901,바닥난방인 층간바닥,외기 직접,공동주택,중부1,0.81
20180901,바닥난방인 층간바닥,외기 직접,공동주택 외,중부1,0.81
20180901,바닥난방인 층간바닥,외기 간접,공동주택,중부1,0.81
20180901,바닥난방인 층간바닥,외기 간접,공동주택 외,중부1,0.81
20180901,바닥난방이 아닌 층간바닥,외기 직접,공동주택,중부1,1.16
20180901,바닥난방이 아닌 층간바닥,외기 직접,공동주택 외,중부1,1.16
20180901,바닥난방이 아닌 층간바닥,외기 간접,공동주택,중부1,1.16
20180901,바닥난방이 아닌 층간바닥,외기 간접,공동주택 외,중부1,1.16
20180901,외벽,외기 직접,공동주택,중부2,0.17
20180901,외벽,외기 직접,공동주택 외,중부2,0.24
20180901,외벽,외기 간접,공동주택,중부2,0.24
20180901,외벽,외기 간접,공동주택 외,중부2,0.34
20180901,최상층 지붕,외기 직접,공동주택,중부2,0.15
20180901,최상층 지붕,외기 간접,공동주택,중부2,0.21
20180901,최상층 지붕,외기 직접,공동주택 외,중부2,0.15
20180901,최상층 지붕,외기 간접,공동주택 외,중부2,0.21
20180901,바닥난방인 최하층 바닥,외기 직접,공동주택,중부2,0.17
20180901,바닥난방이 아닌 최하층 바닥,외기 직접,공동주택,중부2,0.2
20180901,바닥난방인 최하층 바닥,외기 간접,공동주택,중부2,0.24
20180901,바닥난방이 아닌 최하층 바닥,외기 간접,공동주택,중부2,0.29
20180901,바닥난방인 최하층 바닥,외기 직접,공동주택 외,중부2,0.17
20180901,바닥난방이 아닌 최하층 바닥,외기 직접,공동주택 외,중부2,0.2
20180901,바닥난방인 최하층 바닥,외기 간접,공동주택 외,중부2,0.24
20180901,바닥난방이 아닌 최하층 바닥,외기 간접,공동주택 외,중부2,0.29
20180901,바닥난방인 층간바닥,외기 직접,공동주택,중부2,0.81
20180901,바닥난방인 층간바닥,외기 직접,공동주택 외,중부2,0.81
20180901,바닥난방인 층간바닥,외기 간접,공동주택,중부2,0.81
20180901,바닥난방인 층간바닥,외기 간접,공동주택 외,중부2,0.81
20180901,바닥난방이 아닌 층간바닥,외기 직접,공동주택,중부2,1.16
20180901,바닥난방이 아닌 층간바닥,외기 직접,공동주택 외,중부2,1.16
20180901,바닥난방이 아닌 층간바닥,외기 간접,공동주택,중부2,1.16
20180901,바닥난방이 아닌 층간바닥,외기 간접,공동주택 외,중부2,1.16
20180901,외벽,외기 직접,공동주택,남부,0.22
20180901,외벽,외기 직접,공동주택 외,남부,0.32
20180901,외벽,외기 간접,공동주택,남부,0.31
20180901,외벽,외기 간접,공동주택 외,남부,0.45
20180901,최상층 지붕,외기 직접,공동주택,남부,0.18
20180901,최상층 지붕,외기 간접,공동주택,남부,0.26
20180901,최상층 지붕,외기 직접,공동주택 외,남부,0.18
20180901,최상층 지붕,외기 간접,공동주택 외,남부,0.26
20180901,바닥난방인 최하층 바닥,외기 직접,공동주택,남부,0.22
20180901,바닥난방이 아닌 최하층 바닥,외기 직접,공동주택,남부,0.25
20180901,바닥난방인 최하층 바닥,외기 간접,공동주택,남부,0.31
20180901,바닥난방이 아닌 최하층 바닥,외기 간접,공동주택,남부,0.35
20180901,바닥난방인 최하층 바닥,외기 직접,공동주택 외,남부,0.22
20180901,바닥난방이 아닌 최하층 바닥,외기 직접,공동주택 외,남부,0.25
20180901,바닥난방인 최하층 바닥,외기 간접,공동주택 외,남부,0.31
20180901,바닥난방이 아닌 최하층 바닥,외기 간접,공동주택 외,남부,0.35
20180901,바닥난방인 층간바닥,외기 직접,공동주택,남부,0.81
20180901,바닥난방인 층간바닥,외기 직접,공동주택 외,남부,0.81
20180901,바닥난방인 층간바닥,외기 간접,공동주택,남부,0.81
20180901,바닥난방인 층간바닥,외기 간접,공동주택 외,남부,0.81
20180901,바닥난방이 아닌 층간바닥,외기 직접,공동주택,남부,1.16
20180901,바닥난방이 아닌 층간바닥,외기 직접,공동주택 외,남부,1.16
20180901,바닥난방이 아닌 층간바닥,외기 간접,공동주택,남부,1.16
20180901,바닥난방이 아닌 층간바닥,외기 간접,공동주택 외,남부,1.16
20180901,외벽,외기 직접,공동주택,제주도,0.29
20180901,외벽,외기 직접,공동주택 외,제주도,0.41
20180901,외벽,외기 간접,공동주택,제주도,0.41
20180901,외벽,외기 간접,공동주택 외,제주도,0.56
20180901,최상층 지붕,외기 직접,공동주택,제주도,0.25
20180901,최상층 지붕,외기 간접,공동주택,제주도,0.35
20180901,최상층 지붕,외기 직접,공동주택 외,제주도,0.25
20180901,최상층 지붕,외기 간접,공동주택 외,제주도,0.35
20180901,바닥난방인 최하층 바닥,외기 직접,공동주택,제주도,0.29
20180901,바닥난방이 아닌 최하층 바닥,외기 직접,공동주택,제주도,0.33
20180901,바닥난방인 최하층 바닥,외기 간접,공동주택,제주도,0.41
20180901,바닥난방이 아닌 최하층 바닥,외기 간접,공동주택,제주도,0.47
20180901,바닥난방인 최하층 바닥,외기 직접,공동주택 외,제주도,0.29
20180901,바닥난방이 아닌 최하층 바닥,외기 직접,공동주택 외,제주도,0.33
20180901,바닥난방인 최하층 바닥,외기 간접,공동주택 외,제주도,0.41
20180901,바닥난방이 아닌 최하층 바닥,외기 간접,공동주택 외,제주도,0.47
20180901,바닥난방인 층간바닥,외기 직접,공동주택,제주도,0.81
20180901,바닥난방인 층간바닥,외기 직접,공동주택 외,제주도,0.81
20180901,바닥난방인 층간바닥,외기 간접,공동주택,제주도,0.81
20180901,바닥난방인 층간바닥,외기 간접,공동주택 외,제주도,0.81
20180901,바닥난방이 아닌 층간바닥,외기 직접,공동주택,제주도,1.16
20180901,바닥난방이 아닌 층간바닥,외기 직접,공동주택 외,제주도,1.16
20180901,바닥난방이 아닌 층간바닥,외기 간접,공동주택,제주도,1.16
20180901,바닥난방이 아닌 층간바닥,외기 간접,공동주택 외,제주도,1.16
20160101,외벽,외기 직접,공동주택,중부1,0.21
20160101,외벽,외기 직접,공동주택 외,중부1,0.26
20160101,외벽,외기 간접,공동주택,중부1,0.3
20160101,외벽,외기 간접,공동주택 외,중부1,0.36
20160101,최상층 지붕,외기 직접,공동주택,중부1,0.15
20160101,최상층 지붕,외기 간접,공동주택,중부1,0.22
20160101,최상층 지붕,외기 직접,공동주택 외,중부1,0.15
20160101,최상층 지붕,외기 간접,공동주택 외,중부1,0.22
20160101,바닥난방인 최하층 바닥,외기 직접,공동주택,중부1,0.18
20160101,바닥난방이 아닌 최하층 바닥,외기 직접,공동주택,중부1,0.22
20160101,바닥난방인 최하층 바닥,외기 간접,공동주택,중부1,0.26
20160101,바닥난방이 아닌 최하층 바닥,외기 간접,공동주택,중부1,0.3
20160101,바닥난방인 최하층 바닥,외기 직접,공동주택 외,중부1,0.18
20160101,바닥난방이 아닌 최하층 바닥,외기 직접,공동주택 외,중부1,0.22
20160101,바닥난방인 최하층 바닥,외기 간접,공동주택 외,중부1,0.26
20160101,바닥난방이 아닌 최하층 바닥,외기 간접,공동주택 외,중부1,0.3
20160101,바닥난방인 층간바닥,외기 직접,공동주택,중부1,0.81
20160101,바닥난방인 층간바닥,외기 직접,공동주택 외,중부1,0.81
20160101,바닥난방인 층간바닥,외기 간접,공동주택,중부1,0.81
20160101,바닥난방인 층간바닥,외기 간접,공동주택 외,중부1,0.81
20160101,바닥난방이 아닌 층간바닥,외기 직접,공동주택,중부1,1.16
20160101,바닥난방이 아닌 층간바닥,외기 직접,공동주택 외,중부1,1.16
20160101,바닥난방이 아닌 층간바닥,외기 간접,공동주택,중부1,1.16
20160101,바닥난방이 아닌 층간바닥,외기 간접,공동주택 외,중부1,1.16
20160101,외벽,외기 직접,공동주택,중부2,0.21
20160101,외벽,외기 직접,공동주택 외,중부2,0.26
20160101,외벽,외기 간접,공동주택,중부2,0.3
20160101,외벽,외기 간접,공동주택 외,중부2,0.36
20160101,최상층 지붕,외기 직접,공동주택,중부2,0.15
20160101,최상층 지붕,외기 간접,공동주택,중부2,0.22
20160101,최상층 지붕,외기 직접,공동주택 외,중부2,0.15
20160101,최상층 지붕,외기 간접,공동주택 외,중부2,0.22
20160101,바닥난방인 최하층 바닥,외기 직접,공동주택,중부2,0.18
20160101,바닥난방이 아닌 최하층 바닥,외기 직접,공동주택,중부2,0.22
20160101,바닥난방인 최하층 바닥,외기 간접,공동주택,중부2,0.26
20160101,바닥난방이 아닌 최하층 바닥,외기 간접,공동주택,중부2,0.3
20160101,바닥난방인 최하층 바닥,외기 직접,공동주택 외,중부2,0.18
20160101,바닥난방이 아닌 최하층 바닥,외기 직접,공동주택 외,중부2,0.22
20160101,바닥난방인 최하층 바닥,외기 간접,공동주택 외,중부2,0.26
20160101,바닥난방이 아닌 최하층 바닥,외기 간접,공동주택 외,중부2,0.3
20160101,바닥난방인 층간바닥,외기 직접,공동주택,중부2,0.81
20160101,바닥난방인 층간바닥,외기 직접,공동주택 외,중부2,0.81
20160101,바닥난방인 층간바닥,외기 간접,공동주택,중부2,0.81
20160101,바닥난방인 층간바닥,외기 간접,공동주택 외,중부2,0.81
20160101,바닥난방이 아닌 층간바닥,외기 직접,공동주택,중부2,1.16
20160101,바닥난방이 아닌 층간바닥,외기 직접,공동주택 외,중부2,1.16
20160101,바닥난방이 아닌 층간바닥,외기 간접,공동주택,중부2,1.16
20160101,바닥난방이 아닌 층간바닥,외기 간접,공동주택 외,중부2,1.16
20160101,외벽,외기 직접,공동주택,남부,0.26
20160101,외벽,외기 직접,공동주택 외,남부,0.32
20160101,외벽,외기 간접,공동주택,남부,0.37
20160101,외벽,외기 간접,공동주택 외,남부,0.45
20160101,최상층 지붕,외기 직접,공동주택,남부,0.18
20160101,최상층 지붕,외기 간접,공동주택,남부,0.26
20160101,최상층 지붕,외기 직접,공동주택 외,남부,0.18
20160101,최상층 지붕,외기 간접,공동주택 외,남부,0.26
20160101,바닥난방인 최하층 바닥,외기 직접,공동주택,남부,0.22
20160101,바닥난방이 아닌 최하층 바닥,외기 직접,공동주택,남부,0.25
20160101,바닥난방인 최하층 바닥,외기 간접,공동주택,남부,0.31
20160101,바닥난방이 아닌 최하층 바닥,외기 간접,공동주택,남부,0.35
20160101,바닥난방인 최하층 바닥,외기 직접,공동주택 외,남부,0.22
20160101,바닥난방이 아닌 최하층 바닥,외기 직접,공동주택 외,남부,0.25
20160101,바닥난방인 최하층 바닥,외기 간접,공동주택 외,남부,0.31
20160101,바닥난방이 아닌 최하층 바닥,외기 간접,공동주택 외,남부,0.35
20160101,바닥난방인 층간바닥,외기 직접,공동주택,남부,0.81
20160101,바닥난방인 층간바닥,외기 직접,공동주택 외,남부,0.81
20160101,바닥난방인 층간바닥,외기 간접,공동주택,남부,0.81
20160101,바닥난방인 층간바닥,외기 간접,공동주택 외,남부,0.81
20160101,바닥난방이 아닌 층간바닥,외기 직접,공동주택,남부,1.16
20160101,바닥난방이 아닌 층간바닥,외기 직접,공동주택 외,남부,1.16
20160101,바닥난방이 아닌 층간바닥,외기 간접,공동주택,남부,1.16
20160101,바닥난방이 아닌 층간바닥,외기 간접,공동주택 외,남부,1.16
20160101,외벽,외기 직접,공동주택,제주도,0.36
20160101,외벽,외기 직접,공동주택 외,제주도,0.43
20160101,외벽,외기 간접,공동주택,제주도,0.52
20160101,외벽,외기 간접,공동주택 외,제주도,0.62
20160101,최상층 지붕,외기 직접,공동주택,제주도,0.25
20160101,최상층 지붕,외기 간접,공동주택,제주도,0.35
20160101,최상층 지붕,외기 직접,공동주택 외,제주도,0.25
20160101,최상층 지붕,외기 간접,공동주택 외,제주도,0.35
20160101,바닥난방인 최하층 바닥,외기 직접,공동주택,제주도,0.29
20160101,바닥난방이 아닌 최하층 바닥,외기 직접,공동주택,제주도,0.33
20160101,바닥난방인 최하층 바닥,외기 간접,공동주택,제주도,0.41
20160101,바닥난방이 아닌 최하층 바닥,외기 간접,공동주택,제주도,0.47
20160101,바닥난방인 최하층 바닥,외기 직접,공동주택 외,제주도,0.29
20160101,바닥난방이 아닌 최하층 바닥,외기 직접,공동주택 외,제주도,0.33
20160101,바닥난방인 최하층 바닥,외기 간접,공동주택 외,제주도,0.41
20160101,바닥난방이 아닌 최하층 바닥,외기 간접,공동주택 외,제주도,0.47
20160101,바닥난방인 층간바닥,외기 직접,공동주택,제주도,0.81
20160101,바닥난방인 층간바닥,외기 직접,공동주택 외,제주도,0.81
20160101,바닥난방인 층간바닥,외기 간접,공동주택,제주도,0.81
20160101,바닥난방인 층간바닥,외기 간접,공동주택 외,제주도,0.81
20160101,바닥난방이 아닌 층간바닥,외기 직접,공동주택,제주도,1.16
20160101,바닥난방이 아닌 층간바닥,외기 직접,공동주택 외,제주도,1.16
20160101,바닥난방이 아닌 층간바닥,외기 간접,공동주택,제주도,1.16
20160101,바닥난방이 아닌 층간바닥,외기 간접,공동주택 외,제주도,1.16
20131001,외벽,외기 직접,공동주택,중부1,0.27
20131001,외벽,외기 직접,공동주택 외,중부1,0.27
20131001,외벽,외기 간접,공동주택,중부1,0.37
20131001,외벽,외기 간접,공동주택 외,중부1,0.37
20131001,최상층 지붕,외기 직접,공동주택,중부1,0.18
20131001,최상층 지붕,외기 간접,공동주택,중부1,0.26
20131001,최상층 지붕,외기 직접,공동주택 외,중부1,0.18
20131001,최상층 지붕,외기 간접,공동주택 외,중부1,0.26
20131001,바닥난방인 최하층 바닥,외기 직접,공동주택,중부1,0.23
20131001,바닥난방이 아닌 최하층 바닥,외기 직접,공동주택,중부1,0.29
20131001,바닥난방인 최하층 바닥,외기 간접,공동주택,중부1,0.35
20131001,바닥난방이 아닌 최하층 바닥,외기 간접,공동주택,중부1,0.41
20131001,바닥난방인 최하층 바닥,외기 직접,공동주택 외,중부1,0.23
20131001,바닥난방이 아닌 최하층 바닥,외기 직접,공동주택 외,중부1,0.29
20131001,바닥난방인 최하층 바닥,외기 간접,공동주택 외,중부1,0.35
20131001,바닥난방이 아닌 최하층 바닥,외기 간접,공동주택 외,중부1,0.41
20131001,바닥난방인 층간바닥,외기 직접,공동주택,중부1,0.81
20131001,바닥난방인 층간바닥,외기 직접,공동주택 외,중부1,0.81
20131001,바닥난방인 층간바닥,외기 간접,공동주택,중부1,0.81
20131001,바닥난방인 층간바닥,외기 간접,공동주택 외,중부1,0.81
20131001,바닥난방이 아닌 층간바닥,외기 직접,공동주택,중부1,1.16
20131001,바닥난방이 아닌 층간바닥,외기 직접,공동주택 외,중부1,1.16
20131001,바닥난방이 아닌 층간바닥,외기 간접,공동주택,중부1,1.16
20131001,바닥난방이 아닌 층간바닥,외기 간접,공동주택 외,중부1,1.16
20131001,외벽,외기 직접,공동주택,중부2,0.27
20131001,외벽,외기 직접,공동주택 외,중부2,0.27
20131001,외벽,외기 간접,공동주택,중부2,0.37
20131001,외벽,외기 간접,공동주택 외,중부2,0.37
20131001,최상층 지붕,외기 직접,공동주택,중부2,0.18
20131001,최상층 지붕,외기 간접,공동주택,중부2,0.26
20131001,최상층 지붕,외기 직접,공동주택 외,중부2,0.18
20131001,최상층 지붕,외기 간접,공동주택 외,중부2,0.26
20131001,바닥난방인 최하층 바닥,외기 직접,공동주택,중부2,0.23
20131001,바닥난방이 아닌 최하층 바닥,외기 직접,공동주택,중부2,0.29
20131001,바닥난방인 최하층 바닥,외기 간접,공동주택,중부2,0.35
20131001,바닥난방이 아닌 최하층 바닥,외기 간접,공동주택,중부2,0.41
20131001,바닥난방인 최하층 바닥,외기 직접,공동주택 외,중부2,0.23
20131001,바닥난방이 아닌 최하층 바닥,외기 직접,공동주택 외,중부2,0.29
20131001,바닥난방인 최하층 바닥,외기 간접,공동주택 외,중부2,0.35
20131001,바닥난방이 아닌 최하층 바닥,외기 간접,공동주택 외,중부2,0.41
20131001,바닥난방인 층간바닥,외기 직접,공동주택,중부2,0.81
20131001,바닥난방인 층간바닥,외기 직접,공동주택 외,중부2,0.81
20131001,바닥난방인 층간바닥,외기 간접,공동주택,중부2,0.81
20131001,바닥난방인 층간바닥,외기 간접,공동주택 외,중부2,0.81
20131001,바닥난방이 아닌 층간바닥,외기 직접,공동주택,중부2,1.16
20131001,바닥난방이 아닌 층간바닥,외기 직접,공동주택 외,중부2,1.16
20131001,바닥난방이 아닌 층간바닥,외기 간접,공동주택,중부2,1.16
20131001,바닥난방이 아닌 층간바닥,외기 간접,공동주택 외,중부2,1.16
20131001,외벽,외기 직접,공동주택,남부,0.34
20131001,외벽,외기 직접,공동주택 외,남부,0.34
20131001,외벽,외기 간접,공동주택,남부,0.48
20131001,외벽,외기 간접,공동주택 외,남부,0.48
20131001,최상층 지붕,외기 직접,공동주택,남부,0.22
20131001,최상층 지붕,외기 간접,공동주택,남부,0.31
20131001,최상층 지붕,외기 직접,공동주택 외,남부,0.22
20131001,최상층 지붕,외기 간접,공동주택 외,남부,0.31
20131001,바닥난방인 최하층 바닥,외기 직접,공동주택,남부,0.28
20131001,바닥난방이 아닌 최하층 바닥,외기 직접,공동주택,남부,0.33
20131001,바닥난방인 최하층 바닥,외기 간접,공동주택,남부,0.4
20131001,바닥난방이 아닌 최하층 바닥,외기 간접,공동주택,남부,0.47
20131001,바닥난방인 최하층 바닥,외기 직접,공동주택 외,남부,0.28
20131001,바닥난방이 아닌 최하층 바닥,외기 직접,공동주택 외,남부,0.33
20131001,바닥난방인 최하층 바닥,외기 간접,공동주택 외,남부,0.4
20131001,바닥난방이 아닌 최하층 바닥,외기 간접,공동주택 외,남부,0.47
20131001,바닥난방인 층간바닥,외기 직접,공동주택,남부,0.81
20131001,바닥난방인 층간바닥,외기 직접,공동주택 외,남부,0.81
20131001,바닥난방인 층간바닥,외기 간접,공동주택,남부,0.81
20131001,바닥난방인 층간바닥,외기 간접,공동주택 외,남부,0.81
20131001,바닥난방이 아닌 층간바닥,외기 직접,공동주택,남부,1.16
20131001,바닥난방이 아닌 층간바닥,외기 직접,공동주택 외,남부,1.16
20131001,바닥난방이 아닌 층간바닥,외기 간접,공동주택,남부,1.16
20131001,바닥난방이 아닌 층간바닥,외기 간접,공동주택 외,남부,1.16
20131001,외벽,외기 직접,공동주택,제주도,0.44
20131001,외벽,외기 직접,공동주택 외,제주도,0.44
20131001,외벽,외기 간접,공동주택,제주도,0.64
20131001,외벽,외기 간접,공동주택 외,제주도,0.64
20131001,최상층 지붕,외기 직접,공동주택,제주도,0.28
20131001,최상층 지붕,외기 간접,공동주택,제주도,0.4
20131001,최상층 지붕,외기 직접,공동주택 외,제주도,0.28
20131001,최상층 지붕,외기 간접,공동주택 외,제주도,0.4
20131001,바닥난방인 최하층 바닥,외기 직접,공동주택,제주도,0.33
20131001,바닥난방이 아닌 최하층 바닥,외기 직접,공동주택,제주도,0.39
20131001,바닥난방인 최하층 바닥,외기 간접,공동주택,제주도,0.47
20131001,바닥난방이 아닌 최하층 바닥,외기 간접,공동주택,제주도,0.55
20131001,바닥난방인 최하층 바닥,외기 직접,공동주택 외,제주도,0.33
20131001,바닥난방이 아닌 최하층 바닥,외기 직접,공동주택 외,제주도,0.39
20131001,바닥난방인 최하층 바닥,외기 간접,공동주택 외,제주도,0.47
20131001,바닥난방이 아닌 최하층 바닥,외기 간접,공동주택 외,제주도,0.55
20131001,바닥난방인 층간바닥,외기 직접,공동주택,제주도,0.81
20131001,바닥난방인 층간바닥,외기 직접,공동주택 외,제주도,0.81
20131001,바닥난방인 층간바닥,외기 간접,공동주택,제주도,0.81
20131001,바닥난방인 층간바닥,외기 간접,공동주택 외,제주도,0.81
20131001,바닥난방이 아닌 층간바닥,외기 직접,공동주택,제주도,1.16
20131001,바닥난방이 아닌 층간바닥,외기 직접,공동주택 외,제주도,1.16
20131001,바닥난방이 아닌 층간바닥,외기 간접,공동주택,제주도,1.16
20131001,바닥난방이 아닌 층간바닥,외기 간접,공동주택 외,제주도,1.16
20130901,외벽,외기 직접,공동주택,중부1,0.27
20130901,외벽,외기 직접,공동주택 외,중부1,0.27
20130901,외벽,외기 간접,공동주택,중부1,0.37
20130901,외벽,외기 간접,공동주택 외,중부1,0.37
20130901,최상층 지붕,외기 직접,공동주택,중부1,0.18
20130901,최상층 지붕,외기 간접,공동주택,중부1,0.26
20130901,최상층 지붕,외기 직접,공동주택 외,중부1,0.18
20130901,최상층 지붕,외기 간접,공동주택 외,중부1,0.26
20130901,바닥난방인 최하층 바닥,외기 직접,공동주택,중부1,0.23
20130901,바닥난방이 아닌 최하층 바닥,외기 직접,공동주택,중부1,0.29
20130901,바닥난방인 최하층 바닥,외기 간접,공동주택,중부1,0.35
20130901,바닥난방이 아닌 최하층 바닥,외기 간접,공동주택,중부1,0.41
20130901,바닥난방인 최하층 바닥,외기 직접,공동주택 외,중부1,0.23
20130901,바닥난방이 아닌 최하층 바닥,외기 직접,공동주택 외,중부1,0.29
20130901,바닥난방인 최하층 바닥,외기 간접,공동주택 외,중부1,0.35
20130901,바닥난방이 아닌 최하층 바닥,외기 간접,공동주택 외,중부1,0.41
20130901,바닥난방인 층간바닥,외기 직접,공동주택,중부1,0.81
20130901,바닥난방인 층간바닥,외기 직접,공동주택 외,중부1,0.81
20130901,바닥난방인 층간바닥,외기 간접,공동주택,중부1,0.81
20130901,바닥난방인 층간바닥,외기 간접,공동주택 외,중부1,0.81
20130901,바닥난방이 아닌 층간바닥,외기 직접,공동주택,중부1,1.16
20130901,바닥난방이 아닌 층간바닥,외기 직접,공동주택 외,중부1,1.16
20130901,바닥난방이 아닌 층간바닥,외기 간접,공동주택,중부1,1.16
20130901,바닥난방이 아닌 층간바닥,외기 간접,공동주택 외,중부1,1.16
20130901,외벽,외기 직접,공동주택,중부2,0.27
20130901,외벽,외기 직접,공동주택 외,중부2,0.27
20130901,외벽,외기 간접,공동주택,중부2,0.37
20130901,외벽,외기 간접,공동주택 외,중부2,0.37
20130901,최상층 지붕,외기 직접,공동주택,중부2,0.18
20130901,최상층 지붕,외기 간접,공동주택,중부2,0.26
20130901,최상층 지붕,외기 직접,공동주택 외,중부2,0.18
20130901,최상층 지붕,외기 간접,공동주택 외,중부2,0.26
20130901,바닥난방인 최하층 바닥,외기 직접,공동주택,중부2,0.23
20130901,바닥난방이 아닌 최하층 바닥,외기 직접,공동주택,중부2,0.29
20130901,바닥난방인 최하층 바닥,외기 간접,공동주택,중부2,0.35
20130901,바닥난방이 아닌 최하층 바닥,외기 간접,공동주택,중부2,0.41
20130901,바닥난방인 최하층 바닥,외기 직접,공동주택 외,중부2,0.23
20130901,바닥난방이 아닌 최하층 바닥,외기 직접,공동주택 외,중부2,0.29
20130901,바닥난방인 최하층 바닥,외기 간접,공동주택 외,중부2,0.35
20130901,바닥난방이 아닌 최하층 바닥,외기 간접,공동주택 외,중부2,0.41
20130901,바닥난방인 층간바닥,외기 직접,공동주택,중부2,0.81
20130901,바닥난방인 층간바닥,외기 직접,공동주택 외,중부2,0.81
20130901,바닥난방인 층간바닥,외기 간접,공동주택,중부2,0.81
20130901,바닥난방인 층간바닥,외기 간접,공동주택 외,중부2,0.81
20130901,바닥난방이 아닌 층간바닥,외기 직접,공동주택,중부2,1.16
20130901,바닥난방이 아닌 층간바닥,외기 직접,공동주택 외,중부2,1.16
20130901,바닥난방이 아닌 층간바닥,외기 간접,공동주택,중부2,1.16
20130901,바닥난방이 아닌 층간바닥,외기 간접,공동주택 외,중부2,1.16
20130901,외벽,외기 직접,공동주택,남부,0.34
20130901,외벽,외기 직접,공동주택 외,남부,0.34
20130901,외벽,외기 간접,공동주택,남부,0.48
20130901,외벽,외기 간접,공동주택 외,남부,0.48
20130901,최상층 지붕,외기 직접,공동주택,남부,0.22
20130901,최상층 지붕,외기 간접,공동주택,남부,0.31
20130901,최상층 지붕,외기 직접,공동주택 외,남부,0.22
20130901,최상층 지붕,외기 간접,공동주택 외,남부,0.31
20130901,바닥난방인 최하층 바닥,외기 직접,공동주택,남부,0.28
20130901,바닥난방이 아닌 최하층 바닥,외기 직접,공동주택,남부,0.29
20130901,바닥난방인 최하층 바닥,외기 간접,공동주택,남부,0.4
20130901,바닥난방이 아닌 최하층 바닥,외기 간접,공동주택,남부,0.41
20130901,바닥난방인 최하층 바닥,외기 직접,공동주택 외,남부,0.28
20130901,바닥난방이 아닌 최하층 바닥,외기 직접,공동주택 외,남부,0.29
20130901,바닥난방인 최하층 바닥,외기 간접,공동주택 외,남부,0.4
20130901,바닥난방이 아닌 최하층 바닥,외기 간접,공동주택 외,남부,0.41
20130901,바닥난방인 층간바닥,외기 직접,공동주택,남부,0.81
20130901,바닥난방인 층간바닥,외기 직접,공동주택 외,남부,0.81
20130901,바닥난방인 층간바닥,외기 간접,공동주택,남부,0.81
20130901,바닥난방인 층간바닥,외기 간접,공동주택 외,남부,0.81
20130901,바닥난방이 아닌 층간바닥,외기 직접,공동주택,남부,1.16
20130901,바닥난방이 아닌 층간바닥,외기 직접,공동주택 외,남부,1.16
20130901,바닥난방이 아닌 층간바닥,외기 간접,공동주택,남부,1.16
20130901,바닥난방이 아닌 층간바닥,외기 간접,공동주택 외,남부,1.16
20130901,외벽,외기 직접,공동주택,제주도,0.44
20130901,외벽,외기 직접,공동주택 외,제주도,0.44
20130901,외벽,외기 간접,공동주택,제주도,0.64
20130901,외벽,외기 간접,공동주택 외,제주도,0.64
20130901,최상층 지붕,외기 직접,공동주택,제주도,0.28
20130901,최상층 지붕,외기 간접,공동주택,제주도,0.4
20130901,최상층 지붕,외기 직접,공동주택 외,제주도,0.28
20130901,최상층 지붕,외기 간접,공동주택 외,제주도,0.4
20130901,바닥난방인 최하층 바닥,외기 직접,공동주택,제주도,0.33
20130901,바닥난방이 아닌 최하층 바닥,외기 직접,공동주택,제주도,0.29
20130901,바닥난방인 최하층 바닥,외기 간접,공동주택,제주도,0.47
20130901,바닥난방이 아닌 최하층 바닥,외기 간접,공동주택,제주도,0.41
20130901,바닥난방인 최하층 바닥,외기 직접,공동주택 외,제주도,0.33
20130901,바닥난방이 아닌 최하층 바닥,외기 직접,공동주택 외,제주도,0.29
20130901,바닥난방인 최하층 바닥,외기 간접,공동주택 외,제주도,0.47
20130901,바닥난방이 아닌 최하층 바닥,외기 간접,공동주택 외,제주도,0.41
20130901,바닥난방인 층간바닥,외기 직접,공동주택,제주도,0.81
20130901,바닥난방인 층간바닥,외기 직접,공동주택 외,제주도,0.81
20130901,바닥난방인 층간바닥,외기 간접,공동주택,제주도,0.81
20130901,바닥난방인 층간바닥,외기 간접,공동주택 외,제주도,0.81
20130901,바닥난방이 아닌 층간바닥,외기 직접,공동주택,제주도,1.16
20130901,바닥난방이 아닌 층간바닥,외기 직접,공동주택 외,제주도,1.16
20130901,바닥난방이 아닌 층간바닥,외기 간접,공동주택,제주도,1.16
20130901,바닥난방이 아닌 층간바닥,외기 간접,공동주택 외,제주도,1.16
20101105,외벽,외기 직접,공동주택,중부1,0.36
20101105,외벽,외기 간접,공동주택,중부1,0.49
20101105,외벽,외기 직접,공동주택 외,중부1,0.36
20101105,외벽,외기 간접,공동주택 외,중부1,0.49
20101105,최상층 지붕,외기 직접,공동주택,중부1,0.2
20101105,최상층 지붕,외기 간접,공동주택,중부1,0.29
20101105,최상층 지붕,외기 직접,공동주택 외,중부1,0.2
20101105,최상층 지붕,외기 간접,공동주택 외,중부1,0.29
20101105,바닥난방인 최하층 바닥,외기 직접,공동주택,중부1,0.3
20101105,바닥난방이 아닌 최하층 바닥,외기 직접,공동주택,중부1,0.41
20101105,바닥난방인 최하층 바닥,외기 간접,공동주택,중부1,0.43
20101105,바닥난방이 아닌 최하층 바닥,외기 간접,공동주택,중부1,0.58
20101105,바닥난방인 최하층 바닥,외기 직접,공동주택 외,중부1,0.3
20101105,바닥난방이 아닌 최하층 바닥,외기 직접,공동주택 외,중부1,0.41
20101105,바닥난방인 최하층 바닥,외기 간접,공동주택 외,중부1,0.43
20101105,바닥난방이 아닌 최하층 바닥,외기 간접,공동주택 외,중부1,0.58
20101105,바닥난방인 층간바닥,외기 직접,공동주택,중부1,0.81
20101105,바닥난방인 층간바닥,외기 직접,공동주택 외,중부1,0.81
20101105,바닥난방인 층간바닥,외기 간접,공동주택,중부1,0.81
20101105,바닥난방인 층간바닥,외기 간접,공동주택 외,중부1,0.81
20101105,바닥난방이 아닌 층간바닥,외기 직접,공동주택,중부1,1.16
20101105,바닥난방이 아닌 층간바닥,외기 직접,공동주택 외,중부1,1.16
20101105,바닥난방이 아닌 층간바닥,외기 간접,공동주택,중부1,1.16
20101105,바닥난방이 아닌 층간바닥,외기 간접,공동주택 외,중부1,1.16
20101105,외벽,외기 직접,공동주택,중부2,0.36
20101105,외벽,외기 간접,공동주택,중부2,0.49
20101105,외벽,외기 직접,공동주택 외,중부2,0.36
20101105,외벽,외기 간접,공동주택 외,중부2,0.49
20101105,최상층 지붕,외기 직접,공동주택,중부2,0.2
20101105,최상층 지붕,외기 간접,공동주택,중부2,0.29
20101105,최상층 지붕,외기 직접,공동주택 외,중부2,0.2
20101105,최상층 지붕,외기 간접,공동주택 외,중부2,0.29
20101105,바닥난방인 최하층 바닥,외기 직접,공동주택,중부2,0.3
20101105,바닥난방이 아닌 최하층 바닥,외기 직접,공동주택,중부2,0.41
20101105,바닥난방인 최하층 바닥,외기 간접,공동주택,중부2,0.43
20101105,바닥난방이 아닌 최하층 바닥,외기 간접,공동주택,중부2,0.58
20101105,바닥난방인 최하층 바닥,외기 직접,공동주택 외,중부2,0.3
20101105,바닥난방이 아닌 최하층 바닥,외기 직접,공동주택 외,중부2,0.41
20101105,바닥난방인 최하층 바닥,외기 간접,공동주택 외,중부2,0.43
20101105,바닥난방이 아닌 최하층 바닥,외기 간접,공동주택 외,중부2,0.58
20101105,바닥난방인 층간바닥,외기 직접,공동주택,중부2,0.81
20101105,바닥난방인 층간바닥,외기 직접,공동주택 외,중부2,0.81
20101105,바닥난방인 층간바닥,외기 간접,공동주택,중부2,0.81
20101105,바닥난방인 층간바닥,외기 간접,공동주택 외,중부2,0.81
20101105,바닥난방이 아닌 층간바닥,외기 직접,공동주택,중부2,1.16
20101105,바닥난방이 아닌 층간바닥,외기 직접,공동주택 외,중부2,1.16
20101105,바닥난방이 아닌 층간바닥,외기 간접,공동주택,중부2,1.16
20101105,바닥난방이 아닌 층간바닥,외기 간접,공동주택 외,중부2,1.16
20101105,외벽,외기 직접,공동주택,남부,0.45
20101105,외벽,외기 간접,공동주택,남부,0.63
20101105,외벽,외기 직접,공동주택 외,남부,0.45
20101105,외벽,외기 간접,공동주택 외,남부,0.63
20101105,최상층 지붕,외기 직접,공동주택,남부,0.24
20101105,최상층 지붕,외기 간접,공동주택,남부,0.34
20101105,최상층 지붕,외기 직접,공동주택 외,남부,0.24
20101105,최상층 지붕,외기 간접,공동주택 외,남부,0.34
20101105,바닥난방인 최하층 바닥,외기 직접,공동주택,남부,0.35
20101105,바닥난방이 아닌 최하층 바닥,외기 직접,공동주택,남부,0.41
20101105,바닥난방인 최하층 바닥,외기 간접,공동주택,남부,0.5
20101105,바닥난방이 아닌 최하층 바닥,외기 간접,공동주택,남부,0.58
20101105,바닥난방인 최하층 바닥,외기 직접,공동주택 외,남부,0.35
20101105,바닥난방이 아닌 최하층 바닥,외기 직접,공동주택 외,남부,0.41
20101105,바닥난방인 최하층 바닥,외기 간접,공동주택 외,남부,0.5
20101105,바닥난방이 아닌 최하층 바닥,외기 간접,공동주택 외,남부,0.58
20101105,바닥난방인 층간바닥,외기 직접,공동주택,남부,0.81
20101105,바닥난방인 층간바닥,외기 직접,공동주택 외,남부,0.81
20101105,바닥난방인 층간바닥,외기 간접,공동주택,남부,0.81
20101105,바닥난방인 층간바닥,외기 간접,공동주택 외,남부,0.81
20101105,바닥난방이 아닌 층간바닥,외기 직접,공동주택,남부,1.16
20101105,바닥난방이 아닌 층간바닥,외기 직접,공동주택 외,남부,1.16
20101105,바닥난방이 아닌 층간바닥,외기 간접,공동주택,남부,1.16
20101105,바닥난방이 아닌 층간바닥,외기 간접,공동주택 외,남부,1.16
20101105,외벽,외기 직접,공동주택,제주도,0.58
20101105,외벽,외기 간접,공동주택,제주도,0.85
20101105,외벽,외기 직접,공동주택 외,제주도,0.58
20101105,외벽,외기 간접,공동주택 외,제주도,0.85
20101105,최상층 지붕,외기 직접,공동주택,제주도,0.29
20101105,최상층 지붕,외기 간접,공동주택,제주도,0.41
20101105,최상층 지붕,외기 직접,공동주택 외,제주도,0.29
20101105,최상층 지붕,외기 간접,공동주택 외,제주도,0.41
20101105,바닥난방인 최하층 바닥,외기 직접,공동주택,제주도,0.35
20101105,바닥난방이 아닌 최하층 바닥,외기 직접,공동주택,제주도,0.41
20101105,바닥난방인 최하층 바닥,외기 간접,공동주택,제주도,0.5
20101105,바닥난방이 아닌 최하층 바닥,외기 간접,공동주택,제주도,0.58
20101105,바닥난방인 최하층 바닥,외기 직접,공동주택 외,제주도,0.35
20101105,바닥난방이 아닌 최하층 바닥,외기 직접,공동주택 외,제주도,0.41
20101105,바닥난방인 최하층 바닥,외기 간접,공동주택 외,제주도,0.5
20101105,바닥난방이 아닌 최하층 바닥,외기 간접,공동주택 외,제주도,0.58
20101105,바닥난방인 층간바닥,외기 직접,공동주택,제주도,0.81
20101105,바닥난방인 층간바닥,외기 직접,공동주택 외,제주도,0.81
20101105,바닥난방인 층간바닥,외기 간접,공동주택,제주도,0.81
20101105,바닥난방인 층간바닥,외기 간접,공동주택 외,제주도,0.81
20101105,바닥난방이 아닌 층간바닥,외기 직접,공동주택,제주도,1.16
20101105,바닥난방이 아닌 층간바닥,외기 직접,공동주택 외,제주도,1.16
20101105,바닥난방이 아닌 층간바닥,외기 간접,공동주택,제주도,1.16
20101105,바닥난방이 아닌 층간바닥,외기 간접,공동주택 외,제주도,1.16
20080710,외벽,외기 직접,공동주택,중부1,0.47
20080710,외벽,외기 간접,공동주택,중부1,0.64
20080710,외벽,외기 직접,공동주택 외,중부1,0.47
20080710,외벽,외기 간접,공동주택 외,중부1,0.64
20080710,최상층 지붕,외기 직접,공동주택,중부1,0.29
20080710,최상층 지붕,외기 간접,공동주택,중부1,0.41
20080710,최상층 지붕,외기 직접,공동주택 외,중부1,0.29
20080710,최상층 지붕,외기 간접,공동주택 외,중부1,0.41
20080710,바닥난방인 최하층 바닥,외기 직접,공동주택,중부1,0.35
20080710,바닥난방이 아닌 최하층 바닥,외기 직접,공동주택,중부1,0.41
20080710,바닥난방인 최하층 바닥,외기 간접,공동주택,중부1,0.52
20080710,바닥난방이 아닌 최하층 바닥,외기 간접,공동주택,중부1,0.58
20080710,바닥난방인 최하층 바닥,외기 직접,공동주택 외,중부1,0.35
20080710,바닥난방이 아닌 최하층 바닥,외기 직접,공동주택 외,중부1,0.41
20080710,바닥난방인 최하층 바닥,외기 간접,공동주택 외,중부1,0.52
20080710,바닥난방이 아닌 최하층 바닥,외기 간접,공동주택 외,중부1,0.58
20080710,바닥난방인 층간바닥,외기 직접,공동주택,중부1,0.81
20080710,바닥난방인 층간바닥,외기 직접,공동주택 외,중부1,0.81
20080710,바닥난방인 층간바닥,외기 간접,공동주택,중부1,0.81
20080710,바닥난방인 층간바닥,외기 간접,공동주택 외,중부1,0.81
20080710,바닥난방이 아닌 층간바닥,외기 직접,공동주택,중부1,1.16
20080710,바닥난방이 아닌 층간바닥,외기 직접,공동주택 외,중부1,1.16
20080710,바닥난방이 아닌 층간바닥,외기 간접,공동주택,중부1,1.16
20080710,바닥난방이 아닌 층간바닥,외기 간접,공동주택 외,중부1,1.16
20080710,외벽,외기 직접,공동주택,중부2,0.47
20080710,외벽,외기 간접,공동주택,중부2,0.64
20080710,외벽,외기 직접,공동주택 외,중부2,0.47
20080710,외벽,외기 간접,공동주택 외,중부2,0.64
20080710,최상층 지붕,외기 직접,공동주택,중부2,0.29
20080710,최상층 지붕,외기 간접,공동주택,중부2,0.41
20080710,최상층 지붕,외기 직접,공동주택 외,중부2,0.29
20080710,최상층 지붕,외기 간접,공동주택 외,중부2,0.41
20080710,바닥난방인 최하층 바닥,외기 직접,공동주택,중부2,0.35
20080710,바닥난방이 아닌 최하층 바닥,외기 직접,공동주택,중부2,0.41
20080710,바닥난방인 최하층 바닥,외기 간접,공동주택,중부2,0.52
20080710,바닥난방이 아닌 최하층 바닥,외기 간접,공동주택,중부2,0.58
20080710,바닥난방인 최하층 바닥,외기 직접,공동주택 외,중부2,0.35
20080710,바닥난방이 아닌 최하층 바닥,외기 직접,공동주택 외,중부2,0.41
20080710,바닥난방인 최하층 바닥,외기 간접,공동주택 외,중부2,0.52
20080710,바닥난방이 아닌 최하층 바닥,외기 간접,공동주택 외,중부2,0.58
20080710,바닥난방인 층간바닥,외기 직접,공동주택,중부2,0.81
20080710,바닥난방인 층간바닥,외기 직접,공동주택 외,중부2,0.81
20080710,바닥난방인 층간바닥,외기 간접,공동주택,중부2,0.81
20080710,바닥난방인 층간바닥,외기 간접,공동주택 외,중부2,0.81
20080710,바닥난방이 아닌 층간바닥,외기 직접,공동주택,중부2,1.16
20080710,바닥난방이 아닌 층간바닥,외기 직접,공동주택 외,중부2,1.16
20080710,바닥난방이 아닌 층간바닥,외기 간접,공동주택,중부2,1.16
20080710,바닥난방이 아닌 층간바닥,외기 간접,공동주택 외,중부2,1.16
20080710,외벽,외기 직접,공동주택,남부,0.58
20080710,외벽,외기 간접,공동주택,남부,0.81
20080710,외벽,외기 직접,공동주택 외,남부,0.58
20080710,외벽,외기 간접,공동주택 외,남부,0.81
20080710,최상층 지붕,외기 직접,공동주택,남부,0.35
20080710,최상층 지붕,외기 간접,공동주택,남부,0.52
20080710,최상층 지붕,외기 직접,공동주택 외,남부,0.35
20080710,최상층 지붕,외기 간접,공동주택 외,남부,0.52
20080710,바닥난방인 최하층 바닥,외기 직접,공동주택,남부,0.41
20080710,바닥난방이 아닌 최하층 바닥,외기 직접,공동주택,남부,0.47
20080710,바닥난방인 최하층 바닥,외기 간접,공동주택,남부,0.58
20080710,바닥난방이 아닌 최하층 바닥,외기 간접,공동주택,남부,0.64
20080710,바닥난방인 최하층 바닥,외기 직접,공동주택 외,남부,0.41
20080710,바닥난방이 아닌 최하층 바닥,외기 직접,공동주택 외,남부,0.47
20080710,바닥난방인 최하층 바닥,외기 간접,공동주택 외,남부,0.58
20080710,바닥난방이 아닌 최하층 바닥,외기 간접,공동주택 외,남부,0.64
20080710,바닥난방인 층간바닥,외기 직접,공동주택,남부,0.81
20080710,바닥난방인 층간바닥,외기 직접,공동주택 외,남부,0.81
20080710,바닥난방인 층간바닥,외기 간접,공동주택,남부,0.81
20080710,바닥난방인 층간바닥,외기 간접,공동주택 외,남부,0.81
20080710,바닥난방이 아닌 층간바닥,외기 직접,공동주택,남부,1.16
20080710,바닥난방이 아닌 층간바닥,외기 직접,공동주택 외,남부,1.16
20080710,바닥난방이 아닌 층간바닥,외기 간접,공동주택,남부,1.16
20080710,바닥난방이 아닌 층간바닥,외기 간접,공동주택 외,남부,1.16
20080710,외벽,외기 직접,공동주택,제주도,0.76
20080710,외벽,외기 간접,공동주택,제주도,1.1
20080710,외벽,외기 직접,공동주택 외,제주도,0.76
20080710,외벽,외기 간접,공동주택 외,제주도,1.1
20080710,최상층 지붕,외기 직접,공동주택,제주도,0.41
20080710,최상층 지붕,외기 간접,공동주택,제주도,0.58
20080710,최상층 지붕,외기 직접,공동주택 외,제주도,0.41
20080710,최상층 지붕,외기 간접,공동주택 외,제주도,0.58
20080710,바닥난방인 최하층 바닥,외기 직접,공동주택,제주도,0.47
20080710,바닥난방이 아닌 최하층 바닥,외기 직접,공동주택,제주도,0.52
20080710,바닥난방인 최하층 바닥,외기 간접,공동주택,제주도,0.64
20080710,바닥난방이 아닌 최하층 바닥,외기 간접,공동주택,제주도,0.76
20080710,바닥난방인 최하층 바닥,외기 직접,공동주택 외,제주도,0.47
20080710,바닥난방이 아닌 최하층 바닥,외기 직접,공동주택 외,제주도,0.52
20080710,바닥난방인 최하층 바닥,외기 간접,공동주택 외,제주도,0.64
20080710,바닥난방이 아닌 최하층 바닥,외기 간접,공동주택 외,제주도,0.76
20080710,바닥난방인 층간바닥,외기 직접,공동주택,제주도,0.81
20080710,바닥난방인 층간바닥,외기 직접,공동주택 외,제주도,0.81
20080710,바닥난방인 층간바닥,외기 간접,공동주택,제주도,0.81
20080710,바닥난방인 층간바닥,외기 간접,공동주택 외,제주도,0.81
20080710,바닥난방이 아닌 층간바닥,외기 직접,공동주택,제주도,1.16
20080710,바닥난방이 아닌 층간바닥,외기 직접,공동주택 외,제주도,1.16
20080710,바닥난방이 아닌 층간바닥,외기 간접,공동주택,제주도,1.16
20080710,바닥난방이 아닌 층간바닥,외기 간접,공동주택 외,제주도,1.16
20020831,외벽,외기 직접,공동주택,중부1,0.47
20020831,외벽,외기 간접,공동주택,중부1,0.64
20020831,외벽,외기 직접,공동주택 외,중부1,0.47
20020831,외벽,외기 간접,공동주택 외,중부1,0.64
20020831,최상층 지붕,외기 직접,공동주택,중부1,0.29
20020831,최상층 지붕,외기 간접,공동주택,중부1,0.41
20020831,최상층 지붕,외기 직접,공동주택 외,중부1,0.29
20020831,최상층 지붕,외기 간접,공동주택 외,중부1,0.41
20020831,바닥난방인 최하층 바닥,외기 직접,공동주택,중부1,0.35
20020831,바닥난방이 아닌 최하층 바닥,외기 직접,공동주택,중부1,0.41
20020831,바닥난방인 최하층 바닥,외기 간접,공동주택,중부1,0.52
20020831,바닥난방이 아닌 최하층 바닥,외기 간접,공동주택,중부1,0.58
20020831,바닥난방인 최하층 바닥,외기 직접,공동주택 외,중부1,0.35
20020831,바닥난방이 아닌 최하층 바닥,외기 직접,공동주택 외,중부1,0.41
20020831,바닥난방인 최하층 바닥,외기 간접,공동주택 외,중부1,0.52
20020831,바닥난방이 아닌 최하층 바닥,외기 간접,공동주택 외,중부1,0.58
20020831,바닥난방인 층간바닥,외기 직접,공동주택,중부1,0.81
20020831,바닥난방인 층간바닥,외기 직접,공동주택 외,중부1,0.81
20020831,바닥난방인 층간바닥,외기 간접,공동주택,중부1,0.81
20020831,바닥난방인 층간바닥,외기 간접,공동주택 외,중부1,0.81
20020831,바닥난방이 아닌 층간바닥,외기 직접,공동주택,중부1,1.16
20020831,바닥난방이 아닌 층간바닥,외기 직접,공동주택 외,중부1,1.16
20020831,바닥난방이 아닌 층간바닥,외기 간접,공동주택,중부1,1.16
20020831,바닥난방이 아닌 층간바닥,외기 간접,공동주택 외,중부1,1.16
20020831,외벽,외기 직접,공동주택,중부2,0.47
20020831,외벽,외기 간접,공동주택,중부2,0.64
20020831,외벽,외기 직접,공동주택 외,중부2,0.47
20020831,외벽,외기 간접,공동주택 외,중부2,0.64
20020831,최상층 지붕,외기 직접,공동주택,중부2,0.29
20020831,최상층 지붕,외기 간접,공동주택,중부2,0.41
20020831,최상층 지붕,외기 직접,공동주택 외,중부2,0.29
20020831,최상층 지붕,외기 간접,공동주택 외,중부2,0.41
20020831,바닥난방인 최하층 바닥,외기 직접,공동주택,중부2,0.35
20020831,바닥난방이 아닌 최하층 바닥,외기 직접,공동주택,중부2,0.41
20020831,바닥난방인 최하층 바닥,외기 간접,공동주택,중부2,0.52
20020831,바닥난방이 아닌 최하층 바닥,외기 간접,공동주택,중부2,0.58
20020831,바닥난방인 최하층 바닥,외기 직접,공동주택 외,중부2,0.35
20020831,바닥난방이 아닌 최하층 바닥,외기 직접,공동주택 외,중부2,0.41
20020831,바닥난방인 최하층 바닥,외기 간접,공동주택 외,중부2,0.52
20020831,바닥난방이 아닌 최하층 바닥,외기 간접,공동주택 외,중부2,0.58
20020831,바닥난방인 층간바닥,외기 직접,공동주택,중부2,0.81
20020831,바닥난방인 층간바닥,외기 직접,공동주택 외,중부2,0.81
20020831,바닥난방인 층간바닥,외기 간접,공동주택,중부2,0.81
20020831,바닥난방인 층간바닥,외기 간접,공동주택 외,중부2,0.81
20020831,바닥난방이 아닌 층간바닥,외기 직접,공동주택,중부2,1.16
20020831,바닥난방이 아닌 층간바닥,외기 직접,공동주택 외,중부2,1.16
20020831,바닥난방이 아닌 층간바닥,외기 간접,공동주택,중부2,1.16
20020831,바닥난방이 아닌 층간바닥,외기 간접,공동주택 외,중부2,1.16
20020831,외벽,외기 직접,공동주택,남부,0.58
20020831,외벽,외기 간접,공동주택,남부,0.81
20020831,외벽,외기 직접,공동주택 외,남부,0.58
20020831,외벽,외기 간접,공동주택 외,남부,0.81
20020831,최상층 지붕,외기 직접,공동주택,남부,0.35
20020831,최상층 지붕,외기 간접,공동주택,남부,0.52
20020831,최상층 지붕,외기 직접,공동주택 외,남부,0.35
20020831,최상층 지붕,외기 간접,공동주택 외,남부,0.52
20020831,바닥난방인 최하층 바닥,외기 직접,공동주택,남부,0.41
20020831,바닥난방이 아닌 최하층 바닥,외기 직접,공동주택,남부,0.47
20020831,바닥난방인 최하층 바닥,외기 간접,공동주택,남부,0.58
20020831,바닥난방이 아닌 최하층 바닥,외기 간접,공동주택,남부,0.64
20020831,바닥난방인 최하층 바닥,외기 직접,공동주택 외,남부,0.41
20020831,바닥난방이 아닌 최하층 바닥,외기 직접,공동주택 외,남부,0.47
20020831,바닥난방인 최하층 바닥,외기 간접,공동주택 외,남부,0.58
20020831,바닥난방이 아닌 최하층 바닥,외기 간접,공동주택 외,남부,0.64
20020831,바닥난방인 층간바닥,외기 직접,공동주택,남부,0.81
20020831,바닥난방인 층간바닥,외기 직접,공동주택 외,남부,0.81
20020831,바닥난방인 층간바닥,외기 간접,공동주택,남부,0.81
20020831,바닥난방인 층간바닥,외기 간접,공동주택 외,남부,0.81
20020831,바닥난방이 아닌 층간바닥,외기 직접,공동주택,남부,1.16
20020831,바닥난방이 아닌 층간바닥,외기 직접,공동주택 외,남부,1.16
20020831,바닥난방이 아닌 층간바닥,외기 간접,공동주택,남부,1.16
20020831,바닥난방이 아닌 층간바닥,외기 간접,공동주택 외,남부,1.16
20020831,외벽,외기 직접,공동주택,제주도,0.76
20020831,외벽,외기 간접,공동주택,제주도,1.1
20020831,외벽,외기 직접,공동주택 외,제주도,0.76
20020831,외벽,외기 간접,공동주택 외,제주도,1.1
20020831,최상층 지붕,외기 직접,공동주택,제주도,0.41
20020831,최상층 지붕,외기 간접,공동주택,제주도,0.58
20020831,최상층 지붕,외기 직접,공동주택 외,제주도,0.41
20020831,최상층 지붕,외기 간접,공동주택 외,제주도,0.58
20020831,바닥난방인 최하층 바닥,외기 직접,공동주택,제주도,0.47
20020831,바닥난방이 아닌 최하층 바닥,외기 직접,공동주택,제주도,0.52
20020831,바닥난방인 최하층 바닥,외기 간접,공동주택,제주도,0.64
20020831,바닥난방이 아닌 최하층 바닥,외기 간접,공동주택,제주도,0.76
20020831,바닥난방인 최하층 바닥,외기 직접,공동주택 외,제주도,0.47
20020831,바닥난방이 아닌 최하층 바닥,외기 직접,공동주택 외,제주도,0.52
20020831,바닥난방인 최하층 바닥,외기 간접,공동주택 외,제주도,0.64
20020831,바닥난방이 아닌 최하층 바닥,외기 간접,공동주택 외,제주도,0.76
20020831,바닥난방인 층간바닥,외기 직접,공동주택,제주도,0.81
20020831,바닥난방인 층간바닥,외기 직접,공동주택 외,제주도,0.81
20020831,바닥난방인 층간바닥,외기 간접,공동주택,제주도,0.81
20020831,바닥난방인 층간바닥,외기 간접,공동주택 외,제주도,0.81
20020831,바닥난방이 아닌 층간바닥,외기 직접,공동주택,제주도,1.16
20020831,바닥난방이 아닌 층간바닥,외기 직접,공동주택 외,제주도,1.16
20020831,바닥난방이 아닌 층간바닥,외기 간접,공동주택,제주도,1.16
20020831,바닥난방이 아닌 층간바닥,외기 간접,공동주택 외,제주도,1.16
20010117,외벽,외기 직접,공동주택,중부1,0.47
20010117,외벽,외기 간접,공동주택,중부1,0.64
20010117,외벽,외기 직접,공동주택 외,중부1,0.47
20010117,외벽,외기 간접,공동주택 외,중부1,0.64
20010117,최상층 지붕,외기 직접,공동주택,중부1,0.29
20010117,최상층 지붕,외기 간접,공동주택,중부1,0.41
20010117,최상층 지붕,외기 직접,공동주택 외,중부1,0.29
20010117,최상층 지붕,외기 간접,공동주택 외,중부1,0.41
20010117,바닥난방인 최하층 바닥,외기 직접,공동주택,중부1,0.35
20010117,바닥난방이 아닌 최하층 바닥,외기 직접,공동주택,중부1,0.41
20010117,바닥난방인 최하층 바닥,외기 간접,공동주택,중부1,0.52
20010117,바닥난방이 아닌 최하층 바닥,외기 간접,공동주택,중부1,0.58
20010117,바닥난방인 최하층 바닥,외기 직접,공동주택 외,중부1,0.35
20010117,바닥난방이 아닌 최하층 바닥,외기 직접,공동주택 외,중부1,0.41
20010117,바닥난방인 최하층 바닥,외기 간접,공동주택 외,중부1,0.52
20010117,바닥난방이 아닌 최하층 바닥,외기 간접,공동주택 외,중부1,0.58
20010117,바닥난방인 층간바닥,외기 직접,공동주택,중부1,0.81
20010117,바닥난방인 층간바닥,외기 직접,공동주택 외,중부1,0.81
20010117,바닥난방인 층간바닥,외기 간접,공동주택,중부1,0.81
20010117,바닥난방인 층간바닥,외기 간접,공동주택 외,중부1,0.81
20010117,바닥난방이 아닌 층간바닥,외기 직접,공동주택,중부1,1.16
20010117,바닥난방이 아닌 층간바닥,외기 직접,공동주택 외,중부1,1.16
20010117,바닥난방이 아닌 층간바닥,외기 간접,공동주택,중부1,1.16
20010117,바닥난방이 아닌 층간바닥,외기 간접,공동주택 외,중부1,1.16
20010117,외벽,외기 직접,공동주택,중부2,0.47
20010117,외벽,외기 간접,공동주택,중부2,0.64
20010117,외벽,외기 직접,공동주택 외,중부2,0.47
20010117,외벽,외기 간접,공동주택 외,중부2,0.64
20010117,최상층 지붕,외기 직접,공동주택,중부2,0.29
20010117,최상층 지붕,외기 간접,공동주택,중부2,0.41
20010117,최상층 지붕,외기 직접,공동주택 외,중부2,0.29
20010117,최상층 지붕,외기 간접,공동주택 외,중부2,0.41
20010117,바닥난방인 최하층 바닥,외기 직접,공동주택,중부2,0.35
20010117,바닥난방이 아닌 최하층 바닥,외기 직접,공동주택,중부2,0.41
20010117,바닥난방인 최하층 바닥,외기 간접,공동주택,중부2,0.52
20010117,바닥난방이 아닌 최하층 바닥,외기 간접,공동주택,중부2,0.58
20010117,바닥난방인 최하층 바닥,외기 직접,공동주택 외,중부2,0.35
20010117,바닥난방이 아닌 최하층 바닥,외기 직접,공동주택 외,중부2,0.41
20010117,바닥난방인 최하층 바닥,외기 간접,공동주택 외,중부2,0.52
20010117,바닥난방이 아닌 최하층 바닥,외기 간접,공동주택 외,중부2,0.58
20010117,바닥난방인 층간바닥,외기 직접,공동주택,중부2,0.81
20010117,바닥난방인 층간바닥,외기 직접,공동주택 외,중부2,0.81
20010117,바닥난방인 층간바닥,외기 간접,공동주택,중부2,0.81
20010117,바닥난방인 층간바닥,외기 간접,공동주택 외,중부2,0.81
20010117,바닥난방이 아닌 층간바닥,외기 직접,공동주택,중부2,1.16
20010117,바닥난방이 아닌 층간바닥,외기 직접,공동주택 외,중부2,1.16
20010117,바닥난방이 아닌 층간바닥,외기 간접,공동주택,중부2,1.16
20010117,바닥난방이 아닌 층간바닥,외기 간접,공동주택 외,중부2,1.16
20010117,외벽,외기 직접,공동주택,남부,0.58
20010117,외벽,외기 간접,공동주택,남부,0.81
20010117,외벽,외기 직접,공동주택 외,남부,0.58
20010117,외벽,외기 간접,공동주택 외,남부,0.81
20010117,최상층 지붕,외기 직접,공동주택,남부,0.35
20010117,최상층 지붕,외기 간접,공동주택,남부,0.52
20010117,최상층 지붕,외기 직접,공동주택 외,남부,0.35
20010117,최상층 지붕,외기 간접,공동주택 외,남부,0.52
20010117,바닥난방인 최하층 바닥,외기 직접,공동주택,남부,0.41
20010117,바닥난방이 아닌 최하층 바닥,외기 직접,공동주택,남부,0.47
20010117,바닥난방인 최하층 바닥,외기 간접,공동주택,남부,0.58
20010117,바닥난방이 아닌 최하층 바닥,외기 간접,공동주택,남부,0.64
20010117,바닥난방인 최하층 바닥,외기 직접,공동주택 외,남부,0.41
20010117,바닥난방이 아닌 최하층 바닥,외기 직접,공동주택 외,남부,0.47
20010117,바닥난방인 최하층 바닥,외기 간접,공동주택 외,남부,0.58
20010117,바닥난방이 아닌 최하층 바닥,외기 간접,공동주택 외,남부,0.64
20010117,바닥난방인 층간바닥,외기 직접,공동주택,남부,0.81
20010117,바닥난방인 층간바닥,외기 직접,공동주택 외,남부,0.81
20010117,바닥난방인 층간바닥,외기 간접,공동주택,남부,0.81
20010117,바닥난방인 층간바닥,외기 간접,공동주택 외,남부,0.81
20010117,바닥난방이 아닌 층간바닥,외기 직접,공동주택,남부,1.16
20010117,바닥난방이 아닌 층간바닥,외기 직접,공동주택 외,남부,1.16
20010117,바닥난방이 아닌 층간바닥,외기 간접,공동주택,남부,1.16
20010117,바닥난방이 아닌 층간바닥,외기 간접,공동주택 외,남부,1.16
20010117,외벽,외기 직접,공동주택,제주도,0.76
20010117,외벽,외기 간접,공동주택,제주도,1.1
20010117,외벽,외기 직접,공동주택 외,제주도,0.76
20010117,외벽,외기 간접,공동주택 외,제주도,1.1
20010117,최상층 지붕,외기 직접,공동주택,제주도,0.41
20010117,최상층 지붕,외기 간접,공동주택,제주도,0.58
20010117,최상층 지붕,외기 직접,공동주택 외,제주도,0.41
20010117,최상층 지붕,외기 간접,공동주택 외,제주도,0.58
20010117,바닥난방인 최하층 바닥,외기 직접,공동주택,제주도,0.47
20010117,바닥난방이 아닌 최하층 바닥,외기 직접,공동주택,제주도,0.52
20010117,바닥난방인 최하층 바닥,외기 간접,공동주택,제주도,0.64
20010117,바닥난방이 아닌 최하층 바닥,외기 간접,공동주택,제주도,0.76
20010117,바닥난방인 최하층 바닥,외기 직접,공동주택 외,제주도,0.47
20010117,바닥난방이 아닌 최하층 바닥,외기 직접,공동주택 외,제주도,0.52
20010117,바닥난방인 최하층 바닥,외기 간접,공동주택 외,제주도,0.64
20010117,바닥난방이 아닌 최하층 바닥,외기 간접,공동주택 외,제주도,0.76
20010117,바닥난방인 층간바닥,외기 직접,공동주택,제주도,0.81
20010117,바닥난방인 층간바닥,외기 직접,공동주택 외,제주도,0.81
20010117,바닥난방인 층간바닥,외기 간접,공동주택,제주도,0.81
20010117,바닥난방인 층간바닥,외기 간접,공동주택 외,제주도,0.81
20010117,바닥난방이 아닌 층간바닥,외기 직접,공동주택,제주도,1.16
20010117,바닥난방이 아닌 층간바닥,외기 직접,공동주택 외,제주도,1.16
20010117,바닥난방이 아닌 층간바닥,외기 간접,공동주택,제주도,1.16
20010117,바닥난방이 아닌 층간바닥,외기 간접,공동주택 외,제주도,1.16
19960209,외벽,외기 직접,공동주택,중부1,0.58
19960209,외벽,외기 간접,공동주택,중부1,0.58
19960209,외벽,외기 직접,공동주택 외,중부1,0.58
19960209,외벽,외기 간접,공동주택 외,중부1,0.58
19960209,최상층 지붕,외기 직접,공동주택,중부1,0.41
19960209,최상층 지붕,외기 간접,공동주택,중부1,0.41
19960209,최상층 지붕,외기 직접,공동주택 외,중부1,0.41
19960209,최상층 지붕,외기 간접,공동주택 외,중부1,0.41
19960209,바닥난방인 최하층 바닥,외기 직접,공동주택,중부1,0.58
19960209,바닥난방이 아닌 최하층 바닥,외기 직접,공동주택,중부1,0.58
19960209,바닥난방인 최하층 바닥,외기 간접,공동주택,중부1,0.58
19960209,바닥난방이 아닌 최하층 바닥,외기 간접,공동주택,중부1,0.58
19960209,바닥난방인 최하층 바닥,외기 직접,공동주택 외,중부1,0.58
19960209,바닥난방이 아닌 최하층 바닥,외기 직접,공동주택 외,중부1,0.58
19960209,바닥난방인 최하층 바닥,외기 간접,공동주택 외,중부1,0.58
19960209,바닥난방이 아닌 최하층 바닥,외기 간접,공동주택 외,중부1,0.58
19960209,바닥난방인 층간바닥,외기 직접,공동주택,중부1,0.58
19960209,바닥난방인 층간바닥,외기 직접,공동주택 외,중부1,0.58
19960209,바닥난방인 층간바닥,외기 간접,공동주택,중부1,0.58
19960209,바닥난방인 층간바닥,외기 간접,공동주택 외,중부1,0.58
19960209,바닥난방이 아닌 층간바닥,외기 직접,공동주택,중부1,0.58
19960209,바닥난방이 아닌 층간바닥,외기 직접,공동주택 외,중부1,0.58
19960209,바닥난방이 아닌 층간바닥,외기 간접,공동주택,중부1,0.58
19960209,바닥난방이 아닌 층간바닥,외기 간접,공동주택 외,중부1,0.58
19960209,외벽,외기 직접,공동주택,중부2,0.58
19960209,외벽,외기 간접,공동주택,중부2,0.58
19960209,외벽,외기 직접,공동주택 외,중부2,0.58
19960209,외벽,외기 간접,공동주택 외,중부2,0.58
19960209,최상층 지붕,외기 직접,공동주택,중부2,0.41
19960209,최상층 지붕,외기 간접,공동주택,중부2,0.41
19960209,최상층 지붕,외기 직접,공동주택 외,중부2,0.41
19960209,최상층 지붕,외기 간접,공동주택 외,중부2,0.41
19960209,바닥난방인 최하층 바닥,외기 직접,공동주택,중부2,0.58
19960209,바닥난방이 아닌 최하층 바닥,외기 직접,공동주택,중부2,0.58
19960209,바닥난방인 최하층 바닥,외기 간접,공동주택,중부2,0.58
19960209,바닥난방이 아닌 최하층 바닥,외기 간접,공동주택,중부2,0.58
19960209,바닥난방인 최하층 바닥,외기 직접,공동주택 외,중부2,0.58
19960209,바닥난방이 아닌 최하층 바닥,외기 직접,공동주택 외,중부2,0.58
19960209,바닥난방인 최하층 바닥,외기 간접,공동주택 외,중부2,0.58
19960209,바닥난방이 아닌 최하층 바닥,외기 간접,공동주택 외,중부2,0.58
19960209,바닥난방인 층간바닥,외기 직접,공동주택,중부2,0.58
19960209,바닥난방인 층간바닥,외기 직접,공동주택 외,중부2,0.58
19960209,바닥난방인 층간바닥,외기 간접,공동주택,중부2,0.58
19960209,바닥난방인 층간바닥,외기 간접,공동주택 외,중부2,0.58
19960209,바닥난방이 아닌 층간바닥,외기 직접,공동주택,중부2,0.58
19960209,바닥난방이 아닌 층간바닥,외기 직접,공동주택 외,중부2,0.58
19960209,바닥난방이 아닌 층간바닥,외기 간접,공동주택,중부2,0.58
19960209,바닥난방이 아닌 층간바닥,외기 간접,공동주택 외,중부2,0.58
19960209,외벽,외기 직접,공동주택,남부,0.76
19960209,외벽,외기 간접,공동주택,남부,0.76
19960209,외벽,외기 직접,공동주택 외,남부,0.76
19960209,외벽,외기 간접,공동주택 외,남부,0.76
19960209,최상층 지붕,외기 직접,공동주택,남부,0.52
19960209,최상층 지붕,외기 간접,공동주택,남부,0.52
19960209,최상층 지붕,외기 직접,공동주택 외,남부,0.52
19960209,최상층 지붕,외기 간접,공동주택 외,남부,0.52
19960209,바닥난방인 최하층 바닥,외기 직접,공동주택,남부,0.76
19960209,바닥난방이 아닌 최하층 바닥,외기 직접,공동주택,남부,0.76
19960209,바닥난방인 최하층 바닥,외기 간접,공동주택,남부,0.76
19960209,바닥난방이 아닌 최하층 바닥,외기 간접,공동주택,남부,0.76
19960209,바닥난방인 최하층 바닥,외기 직접,공동주택 외,남부,0.76
19960209,바닥난방이 아닌 최하층 바닥,외기 직접,공동주택 외,남부,0.76
19960209,바닥난방인 최하층 바닥,외기 간접,공동주택 외,남부,0.76
19960209,바닥난방이 아닌 최하층 바닥,외기 간접,공동주택 외,남부,0.76
19960209,바닥난방인 층간바닥,외기 직접,공동주택,남부,0.76
19960209,바닥난방인 층간바닥,외기 직접,공동주택 외,남부,0.76
19960209,바닥난방인 층간바닥,외기 간접,공동주택,남부,0.76
19960209,바닥난방인 층간바닥,외기 간접,공동주택 외,남부,0.76
19960209,바닥난방이 아닌 층간바닥,외기 직접,공동주택,남부,0.76
19960209,바닥난방이 아닌 층간바닥,외기 직접,공동주택 외,남부,0.76
19960209,바닥난방이 아닌 층간바닥,외기 간접,공동주택,남부,0.76
19960209,바닥난방이 아닌 층간바닥,외기 간접,공동주택 외,남부,0.76
19960209,외벽,외기 직접,공동주택,제주도,1.16
19960209,외벽,외기 간접,공동주택,제주도,1.16
19960209,외벽,외기 직접,공동주택 외,제주도,1.16
19960209,외벽,외기 간접,공동주택 외,제주도,1.16
19960209,최상층 지붕,외기 직접,공동주택,제주도,0.76
19960209,최상층 지붕,외기 간접,공동주택,제주도,0.76
19960209,최상층 지붕,외기 직접,공동주택 외,제주도,0.76
19960209,최상층 지붕,외기 간접,공동주택 외,제주도,0.76
19960209,바닥난방인 최하층 바닥,외기 직접,공동주택,제주도,1.16
19960209,바닥난방이 아닌 최하층 바닥,외기 직접,공동주택,제주도,1.16
19960209,바닥난방인 최하층 바닥,외기 간접,공동주택,제주도,1.16
19960209,바닥난방이 아닌 최하층 바닥,외기 간접,공동주택,제주도,1.16
19960209,바닥난방인 최하층 바닥,외기 직접,공동주택 외,제주도,1.16
19960209,바닥난방이 아닌 최하층 바닥,외기 직접,공동주택 외,제주도,1.16
19960209,바닥난방인 최하층 바닥,외기 간접,공동주택 외,제주도,1.16
19960209,바닥난방이 아닌 최하층 바닥,외기 간접,공동주택 외,제주도,1.16
19960209,바닥난방인 층간바닥,외기 직접,공동주택,제주도,1.16
19960209,바닥난방인 층간바닥,외기 직접,공동주택 외,제주도,1.16
19960209,바닥난방인 층간바닥,외기 간접,공동주택,제주도,1.16
19960209,바닥난방인 층간바닥,외기 간접,공동주택 외,제주도,1.16
19960209,바닥난방이 아닌 층간바닥,외기 직접,공동주택,제주도,1.16
19960209,바닥난방이 아닌 층간바닥,외기 직접,공동주택 외,제주도,1.16
19960209,바닥난방이 아닌 층간바닥,외기 간접,공동주택,제주도,1.16
19960209,바닥난방이 아닌 층간바닥,외기 간접,공동주택 외,제주도,1.16
19920601,외벽,외기 직접,공동주택,중부1,0.58
19920601,외벽,외기 간접,공동주택,중부1,0.58
19920601,외벽,외기 직접,공동주택 외,중부1,0.58
19920601,외벽,외기 간접,공동주택 외,중부1,0.58
19920601,최상층 지붕,외기 직접,공동주택,중부1,0.41
19920601,최상층 지붕,외기 간접,공동주택,중부1,0.41
19920601,최상층 지붕,외기 직접,공동주택 외,중부1,0.41
19920601,최상층 지붕,외기 간접,공동주택 외,중부1,0.41
19920601,바닥난방인 최하층 바닥,외기 직접,공동주택,중부1,0.58
19920601,바닥난방이 아닌 최하층 바닥,외기 직접,공동주택,중부1,0.58
19920601,바닥난방인 최하층 바닥,외기 간접,공동주택,중부1,0.58
19920601,바닥난방이 아닌 최하층 바닥,외기 간접,공동주택,중부1,0.58
19920601,바닥난방인 최하층 바닥,외기 직접,공동주택 외,중부1,0.58
19920601,바닥난방이 아닌 최하층 바닥,외기 직접,공동주택 외,중부1,0.58
19920601,바닥난방인 최하층 바닥,외기 간접,공동주택 외,중부1,0.58
19920601,바닥난방이 아닌 최하층 바닥,외기 간접,공동주택 외,중부1,0.58
19920601,바닥난방인 층간바닥,외기 직접,공동주택,중부1,0.58
19920601,바닥난방인 층간바닥,외기 직접,공동주택 외,중부1,0.58
19920601,바닥난방인 층간바닥,외기 간접,공동주택,중부1,0.58
19920601,바닥난방인 층간바닥,외기 간접,공동주택 외,중부1,0.58
19920601,바닥난방이 아닌 층간바닥,외기 직접,공동주택,중부1,0.58
19920601,바닥난방이 아닌 층간바닥,외기 직접,공동주택 외,중부1,0.58
19920601,바닥난방이 아닌 층간바닥,외기 간접,공동주택,중부1,0.58
19920601,바닥난방이 아닌 층간바닥,외기 간접,공동주택 외,중부1,0.58
19920601,외벽,외기 직접,공동주택,중부2,0.58
19920601,외벽,외기 간접,공동주택,중부2,0.58
19920601,외벽,외기 직접,공동주택 외,중부2,0.58
19920601,외벽,외기 간접,공동주택 외,중부2,0.58
19920601,최상층 지붕,외기 직접,공동주택,중부2,0.41
19920601,최상층 지붕,외기 간접,공동주택,중부2,0.41
19920601,최상층 지붕,외기 직접,공동주택 외,중부2,0.41
19920601,최상층 지붕,외기 간접,공동주택 외,중부2,0.41
19920601,바닥난방인 최하층 바닥,외기 직접,공동주택,중부2,0.58
19920601,바닥난방이 아닌 최하층 바닥,외기 직접,공동주택,중부2,0.58
19920601,바닥난방인 최하층 바닥,외기 간접,공동주택,중부2,0.58
19920601,바닥난방이 아닌 최하층 바닥,외기 간접,공동주택,중부2,0.58
19920601,바닥난방인 최하층 바닥,외기 직접,공동주택 외,중부2,0.58
19920601,바닥난방이 아닌 최하층 바닥,외기 직접,공동주택 외,중부2,0.58
19920601,바닥난방인 최하층 바닥,외기 간접,공동주택 외,중부2,0.58
19920601,바닥난방이 아닌 최하층 바닥,외기 간접,공동주택 외,중부2,0.58
19920601,바닥난방인 층간바닥,외기 직접,공동주택,중부2,0.58
19920601,바닥난방인 층간바닥,외기 직접,공동주택 외,중부2,0.58
19920601,바닥난방인 층간바닥,외기 간접,공동주택,중부2,0.58
19920601,바닥난방인 층간바닥,외기 간접,공동주택 외,중부2,0.58
19920601,바닥난방이 아닌 층간바닥,외기 직접,공동주택,중부2,0.58
19920601,바닥난방이 아닌 층간바닥,외기 직접,공동주택 외,중부2,0.58
19920601,바닥난방이 아닌 층간바닥,외기 간접,공동주택,중부2,0.58
19920601,바닥난방이 아닌 층간바닥,외기 간접,공동주택 외,중부2,0.58
19920601,외벽,외기 직접,공동주택,남부,0.76
19920601,외벽,외기 간접,공동주택,남부,0.76
19920601,외벽,외기 직접,공동주택 외,남부,0.76
19920601,외벽,외기 간접,공동주택 외,남부,0.76
19920601,최상층 지붕,외기 직접,공동주택,남부,0.52
19920601,최상층 지붕,외기 간접,공동주택,남부,0.52
19920601,최상층 지붕,외기 직접,공동주택 외,남부,0.52
19920601,최상층 지붕,외기 간접,공동주택 외,남부,0.52
19920601,바닥난방인 최하층 바닥,외기 직접,공동주택,남부,0.76
19920601,바닥난방이 아닌 최하층 바닥,외기 직접,공동주택,남부,0.76
19920601,바닥난방인 최하층 바닥,외기 간접,공동주택,남부,0.76
19920601,바닥난방이 아닌 최하층 바닥,외기 간접,공동주택,남부,0.76
19920601,바닥난방인 최하층 바닥,외기 직접,공동주택 외,남부,0.76
19920601,바닥난방이 아닌 최하층 바닥,외기 직접,공동주택 외,남부,0.76
19920601,바닥난방인 최하층 바닥,외기 간접,공동주택 외,남부,0.76
19920601,바닥난방이 아닌 최하층 바닥,외기 간접,공동주택 외,남부,0.76
19920601,바닥난방인 층간바닥,외기 직접,공동주택,남부,0.76
19920601,바닥난방인 층간바닥,외기 직접,공동주택 외,남부,0.76
19920601,바닥난방인 층간바닥,외기 간접,공동주택,남부,0.76
19920601,바닥난방인 층간바닥,외기 간접,공동주택 외,남부,0.76
19920601,바닥난방이 아닌 층간바닥,외기 직접,공동주택,남부,0.76
19920601,바닥난방이 아닌 층간바닥,외기 직접,공동주택 외,남부,0.76
19920601,바닥난방이 아닌 층간바닥,외기 간접,공동주택,남부,0.76
19920601,바닥난방이 아닌 층간바닥,외기 간접,공동주택 외,남부,0.76
19920601,외벽,외기 직접,공동주택,제주도,1.16
19920601,외벽,외기 간접,공동주택,제주도,1.16
19920601,외벽,외기 직접,공동주택 외,제주도,1.16
19920601,외벽,외기 간접,공동주택 외,제주도,1.16
19920601,최상층 지붕,외기 직접,공동주택,제주도,0.76
19920601,최상층 지붕,외기 간접,공동주택,제주도,0.76
19920601,최상층 지붕,외기 직접,공동주택 외,제주도,0.76
19920601,최상층 지붕,외기 간접,공동주택 외,제주도,0.76
19920601,바닥난방인 최하층 바닥,외기 직접,공동주택,제주도,1.16
19920601,바닥난방이 아닌 최하층 바닥,외기 직접,공동주택,제주도,1.16
19920601,바닥난방인 최하층 바닥,외기 간접,공동주택,제주도,1.16
19920601,바닥난방이 아닌 최하층 바닥,외기 간접,공동주택,제주도,1.16
19920601,바닥난방인 최하층 바닥,외기 직접,공동주택 외,제주도,1.16
19920601,바닥난방이 아닌 최하층 바닥,외기 직접,공동주택 외,제주도,1.16
19920601,바닥난방인 최하층 바닥,외기 간접,공동주택 외,제주도,1.16
19920601,바닥난방이 아닌 최하층 바닥,외기 간접,공동주택 외,제주도,1.16
19920601,바닥난방인 층간바닥,외기 직접,공동주택,제주도,1.16
19920601,바닥난방인 층간바닥,외기 직접,공동주택 외,제주도,1.16
19920601,바닥난방인 층간바닥,외기 간접,공동주택,제주도,1.16
19920601,바닥난방인 층간바닥,외기 간접,공동주택 외,제주도,1.16
19920601,바닥난방이 아닌 층간바닥,외기 직접,공동주택,제주도,1.16
19920601,바닥난방이 아닌 층간바닥,외기 직접,공동주택 외,제주도,1.16
19920601,바닥난방이 아닌 층간바닥,외기 간접,공동주택,제주도,1.16
19920601,바닥난방이 아닌 층간바닥,외기 간접,공동주택 외,제주도,1.16
19870721,외벽,외기 직접,공동주택,중부1,0.58
19870721,외벽,외기 간접,공동주택,중부1,0.58
19870721,외벽,외기 직접,공동주택 외,중부1,0.58
19870721,외벽,외기 간접,공동주택 외,중부1,0.58
19870721,최상층 지붕,외기 직접,공동주택,중부1,0.41
19870721,최상층 지붕,외기 간접,공동주택,중부1,0.41
19870721,최상층 지붕,외기 직접,공동주택 외,중부1,0.41
19870721,최상층 지붕,외기 간접,공동주택 외,중부1,0.41
19870721,바닥난방인 최하층 바닥,외기 직접,공동주택,중부1,0.58
19870721,바닥난방이 아닌 최하층 바닥,외기 직접,공동주택,중부1,0.58
19870721,바닥난방인 최하층 바닥,외기 간접,공동주택,중부1,0.58
19870721,바닥난방이 아닌 최하층 바닥,외기 간접,공동주택,중부1,0.58
19870721,바닥난방인 최하층 바닥,외기 직접,공동주택 외,중부1,0.58
19870721,바닥난방이 아닌 최하층 바닥,외기 직접,공동주택 외,중부1,0.58
19870721,바닥난방인 최하층 바닥,외기 간접,공동주택 외,중부1,0.58
19870721,바닥난방이 아닌 최하층 바닥,외기 간접,공동주택 외,중부1,0.58
19870721,바닥난방인 층간바닥,외기 직접,공동주택,중부1,0.58
19870721,바닥난방인 층간바닥,외기 직접,공동주택 외,중부1,0.58
19870721,바닥난방인 층간바닥,외기 간접,공동주택,중부1,0.58
19870721,바닥난방인 층간바닥,외기 간접,공동주택 외,중부1,0.58
19870721,바닥난방이 아닌 층간바닥,외기 직접,공동주택,중부1,0.58
19870721,바닥난방이 아닌 층간바닥,외기 직접,공동주택 외,중부1,0.58
19870721,바닥난방이 아닌 층간바닥,외기 간접,공동주택,중부1,0.58
19870721,바닥난방이 아닌 층간바닥,외기 간접,공동주택 외,중부1,0.58
19870721,외벽,외기 직접,공동주택,중부2,0.58
19870721,외벽,외기 간접,공동주택,중부2,0.58
19870721,외벽,외기 직접,공동주택 외,중부2,0.58
19870721,외벽,외기 간접,공동주택 외,중부2,0.58
19870721,최상층 지붕,외기 직접,공동주택,중부2,0.41
19870721,최상층 지붕,외기 간접,공동주택,중부2,0.41
19870721,최상층 지붕,외기 직접,공동주택 외,중부2,0.41
19870721,최상층 지붕,외기 간접,공동주택 외,중부2,0.41
19870721,바닥난방인 최하층 바닥,외기 직접,공동주택,중부2,0.58
19870721,바닥난방이 아닌 최하층 바닥,외기 직접,공동주택,중부2,0.58
19870721,바닥난방인 최하층 바닥,외기 간접,공동주택,중부2,0.58
19870721,바닥난방이 아닌 최하층 바닥,외기 간접,공동주택,중부2,0.58
19870721,바닥난방인 최하층 바닥,외기 직접,공동주택 외,중부2,0.58
19870721,바닥난방이 아닌 최하층 바닥,외기 직접,공동주택 외,중부2,0.58
19870721,바닥난방인 최하층 바닥,외기 간접,공동주택 외,중부2,0.58
19870721,바닥난방이 아닌 최하층 바닥,외기 간접,공동주택 외,중부2,0.58
19870721,바닥난방인 층간바닥,외기 직접,공동주택,중부2,0.58
19870721,바닥난방인 층간바닥,외기 직접,공동주택 외,중부2,0.58
19870721,바닥난방인 층간바닥,외기 간접,공동주택,중부2,0.58
19870721,바닥난방인 층간바닥,외기 간접,공동주택 외,중부2,0.58
19870721,바닥난방이 아닌 층간바닥,외기 직접,공동주택,중부2,0.58
19870721,바닥난방이 아닌 층간바닥,외기 직접,공동주택 외,중부2,0.58
19870721,바닥난방이 아닌 층간바닥,외기 간접,공동주택,중부2,0.58
19870721,바닥난방이 아닌 층간바닥,외기 간접,공동주택 외,중부2,0.58
19870721,외벽,외기 직접,공동주택,남부,0.76
19870721,외벽,외기 간접,공동주택,남부,0.76
19870721,외벽,외기 직접,공동주택 외,남부,0.76
19870721,외벽,외기 간접,공동주택 외,남부,0.76
19870721,최상층 지붕,외기 직접,공동주택,남부,0.52
19870721,최상층 지붕,외기 간접,공동주택,남부,0.52
19870721,최상층 지붕,외기 직접,공동주택 외,남부,0.52
19870721,최상층 지붕,외기 간접,공동주택 외,남부,0.52
19870721,바닥난방인 최하층 바닥,외기 직접,공동주택,남부,0.76
19870721,바닥난방이 아닌 최하층 바닥,외기 직접,공동주택,남부,0.76
19870721,바닥난방인 최하층 바닥,외기 간접,공동주택,남부,0.76
19870721,바닥난방이 아닌 최하층 바닥,외기 간접,공동주택,남부,0.76
19870721,바닥난방인 최하층 바닥,외기 직접,공동주택 외,남부,0.76
19870721,바닥난방이 아닌 최하층 바닥,외기 직접,공동주택 외,남부,0.76
19870721,바닥난방인 최하층 바닥,외기 간접,공동주택 외,남부,0.76
19870721,바닥난방이 아닌 최하층 바닥,외기 간접,공동주택 외,남부,0.76
19870721,바닥난방인 층간바닥,외기 직접,공동주택,남부,0.76
19870721,바닥난방인 층간바닥,외기 직접,공동주택 외,남부,0.76
19870721,바닥난방인 층간바닥,외기 간접,공동주택,남부,0.76
19870721,바닥난방인 층간바닥,외기 간접,공동주택 외,남부,0.76
19870721,바닥난방이 아닌 층간바닥,외기 직접,공동주택,남부,0.76
19870721,바닥난방이 아닌 층간바닥,외기 직접,공동주택 외,남부,0.76
19870721,바닥난방이 아닌 층간바닥,외기 간접,공동주택,남부,0.76
19870721,바닥난방이 아닌 층간바닥,외기 간접,공동주택 외,남부,0.76
19870721,외벽,외기 직접,공동주택,제주도,1.16
19870721,외벽,외기 간접,공동주택,제주도,1.16
19870721,외벽,외기 직접,공동주택 외,제주도,1.16
19870721,외벽,외기 간접,공동주택 외,제주도,1.16
19870721,최상층 지붕,외기 직접,공동주택,제주도,0.76
19870721,최상층 지붕,외기 간접,공동주택,제주도,0.76
19870721,최상층 지붕,외기 직접,공동주택 외,제주도,0.76
19870721,최상층 지붕,외기 간접,공동주택 외,제주도,0.76
19870721,바닥난방인 최하층 바닥,외기 직접,공동주택,제주도,1.16
19870721,바닥난방이 아닌 최하층 바닥,외기 직접,공동주택,제주도,1.16
19870721,바닥난방인 최하층 바닥,외기 간접,공동주택,제주도,1.16
19870721,바닥난방이 아닌 최하층 바닥,외기 간접,공동주택,제주도,1.16
19870721,바닥난방인 최하층 바닥,외기 직접,공동주택 외,제주도,1.16
19870721,바닥난방이 아닌 최하층 바닥,외기 직접,공동주택 외,제주도,1.16
19870721,바닥난방인 최하층 바닥,외기 간접,공동주택 외,제주도,1.16
19870721,바닥난방이 아닌 최하층 바닥,외기 간접,공동주택 외,제주도,1.16
19870721,바닥난방인 층간바닥,외기 직접,공동주택,제주도,1.16
19870721,바닥난방인 층간바닥,외기 직접,공동주택 외,제주도,1.16
19870721,바닥난방인 층간바닥,외기 간접,공동주택,제주도,1.16
19870721,바닥난방인 층간바닥,외기 간접,공동주택 외,제주도,1.16
19870721,바닥난방이 아닌 층간바닥,외기 직접,공동주택,제주도,1.16
19870721,바닥난방이 아닌 층간바닥,외기 직접,공동주택 외,제주도,1.16
19870721,바닥난방이 아닌 층간바닥,외기 간접,공동주택,제주도,1.16
19870721,바닥난방이 아닌 층간바닥,외기 간접,공동주택 외,제주도,1.16
19840317,외벽,외기 직접,공동주택,중부1,0.58
19840317,외벽,외기 간접,공동주택,중부1,0.58
19840317,외벽,외기 직접,공동주택 외,중부1,0.58
19840317,외벽,외기 간접,공동주택 외,중부1,0.58
19840317,최상층 지붕,외기 직접,공동주택,중부1,0.58
19840317,최상층 지붕,외기 간접,공동주택,중부1,0.58
19840317,최상층 지붕,외기 직접,공동주택 외,중부1,0.58
19840317,최상층 지붕,외기 간접,공동주택 외,중부1,0.58
19840317,바닥난방인 최하층 바닥,외기 직접,공동주택,중부1,0.58
19840317,바닥난방이 아닌 최하층 바닥,외기 직접,공동주택,중부1,0.58
19840317,바닥난방인 최하층 바닥,외기 간접,공동주택,중부1,0.58
19840317,바닥난방이 아닌 최하층 바닥,외기 간접,공동주택,중부1,0.58
19840317,바닥난방인 최하층 바닥,외기 직접,공동주택 외,중부1,0.58
19840317,바닥난방이 아닌 최하층 바닥,외기 직접,공동주택 외,중부1,0.58
19840317,바닥난방인 최하층 바닥,외기 간접,공동주택 외,중부1,0.58
19840317,바닥난방이 아닌 최하층 바닥,외기 간접,공동주택 외,중부1,0.58
19840317,바닥난방인 층간바닥,외기 직접,공동주택,중부1,0.58
19840317,바닥난방인 층간바닥,외기 직접,공동주택 외,중부1,0.58
19840317,바닥난방인 층간바닥,외기 간접,공동주택,중부1,0.58
19840317,바닥난방인 층간바닥,외기 간접,공동주택 외,중부1,0.58
19840317,바닥난방이 아닌 층간바닥,외기 직접,공동주택,중부1,0.58
19840317,바닥난방이 아닌 층간바닥,외기 직접,공동주택 외,중부1,0.58
19840317,바닥난방이 아닌 층간바닥,외기 간접,공동주택,중부1,0.58
19840317,바닥난방이 아닌 층간바닥,외기 간접,공동주택 외,중부1,0.58
19840317,외벽,외기 직접,공동주택,중부2,0.58
19840317,외벽,외기 간접,공동주택,중부2,0.58
19840317,외벽,외기 직접,공동주택 외,중부2,0.58
19840317,외벽,외기 간접,공동주택 외,중부2,0.58
19840317,최상층 지붕,외기 직접,공동주택,중부2,0.58
19840317,최상층 지붕,외기 간접,공동주택,중부2,0.58
19840317,최상층 지붕,외기 직접,공동주택 외,중부2,0.58
19840317,최상층 지붕,외기 간접,공동주택 외,중부2,0.58
19840317,바닥난방인 최하층 바닥,외기 직접,공동주택,중부2,0.58
19840317,바닥난방이 아닌 최하층 바닥,외기 직접,공동주택,중부2,0.58
19840317,바닥난방인 최하층 바닥,외기 간접,공동주택,중부2,0.58
19840317,바닥난방이 아닌 최하층 바닥,외기 간접,공동주택,중부2,0.58
19840317,바닥난방인 최하층 바닥,외기 직접,공동주택 외,중부2,0.58
19840317,바닥난방이 아닌 최하층 바닥,외기 직접,공동주택 외,중부2,0.58
19840317,바닥난방인 최하층 바닥,외기 간접,공동주택 외,중부2,0.58
19840317,바닥난방이 아닌 최하층 바닥,외기 간접,공동주택 외,중부2,0.58
19840317,바닥난방인 층간바닥,외기 직접,공동주택,중부2,0.58
19840317,바닥난방인 층간바닥,외기 직접,공동주택 외,중부2,0.58
19840317,바닥난방인 층간바닥,외기 간접,공동주택,중부2,0.58
19840317,바닥난방인 층간바닥,외기 간접,공동주택 외,중부2,0.58
19840317,바닥난방이 아닌 층간바닥,외기 직접,공동주택,중부2,0.58
19840317,바닥난방이 아닌 층간바닥,외기 직접,공동주택 외,중부2,0.58
19840317,바닥난방이 아닌 층간바닥,외기 간접,공동주택,중부2,0.58
19840317,바닥난방이 아닌 층간바닥,외기 간접,공동주택 외,중부2,0.58
19840317,외벽,외기 직접,공동주택,남부,0.58
19840317,외벽,외기 간접,공동주택,남부,0.58
19840317,외벽,외기 직접,공동주택 외,남부,0.58
19840317,외벽,외기 간접,공동주택 외,남부,0.58
19840317,최상층 지붕,외기 직접,공동주택,남부,0.58
19840317,최상층 지붕,외기 간접,공동주택,남부,0.58
19840317,최상층 지붕,외기 직접,공동주택 외,남부,0.58
19840317,최상층 지붕,외기 간접,공동주택 외,남부,0.58
19840317,바닥난방인 최하층 바닥,외기 직접,공동주택,남부,0.58
19840317,바닥난방이 아닌 최하층 바닥,외기 직접,공동주택,남부,0.58
19840317,바닥난방인 최하층 바닥,외기 간접,공동주택,남부,0.58
19840317,바닥난방이 아닌 최하층 바닥,외기 간접,공동주택,남부,0.58
19840317,바닥난방인 최하층 바닥,외기 직접,공동주택 외,남부,0.58
19840317,바닥난방이 아닌 최하층 바닥,외기 직접,공동주택 외,남부,0.58
19840317,바닥난방인 최하층 바닥,외기 간접,공동주택 외,남부,0.58
19840317,바닥난방이 아닌 최하층 바닥,외기 간접,공동주택 외,남부,0.58
19840317,바닥난방인 층간바닥,외기 직접,공동주택,남부,0.58
19840317,바닥난방인 층간바닥,외기 직접,공동주택 외,남부,0.58
19840317,바닥난방인 층간바닥,외기 간접,공동주택,남부,0.58
19840317,바닥난방인 층간바닥,외기 간접,공동주택 외,남부,0.58
19840317,바닥난방이 아닌 층간바닥,외기 직접,공동주택,남부,0.58
19840317,바닥난방이 아닌 층간바닥,외기 직접,공동주택 외,남부,0.58
19840317,바닥난방이 아닌 층간바닥,외기 간접,공동주택,남부,0.58
19840317,바닥난방이 아닌 층간바닥,외기 간접,공동주택 외,남부,0.58
19840317,외벽,외기 직접,공동주택,제주도,1.16
19840317,외벽,외기 간접,공동주택,제주도,1.16
19840317,외벽,외기 직접,공동주택 외,제주도,1.16
19840317,외벽,외기 간접,공동주택 외,제주도,1.16
19840317,최상층 지붕,외기 직접,공동주택,제주도,1.16
19840317,최상층 지붕,외기 간접,공동주택,제주도,1.16
19840317,최상층 지붕,외기 직접,공동주택 외,제주도,1.16
19840317,최상층 지붕,외기 간접,공동주택 외,제주도,1.16
19840317,바닥난방인 최하층 바닥,외기 직접,공동주택,제주도,1.16
19840317,바닥난방이 아닌 최하층 바닥,외기 직접,공동주택,제주도,1.16
19840317,바닥난방인 최하층 바닥,외기 간접,공동주택,제주도,1.16
19840317,바닥난방이 아닌 최하층 바닥,외기 간접,공동주택,제주도,1.16
19840317,바닥난방인 최하층 바닥,외기 직접,공동주택 외,제주도,1.16
19840317,바닥난방이 아닌 최하층 바닥,외기 직접,공동주택 외,제주도,1.16
19840317,바닥난방인 최하층 바닥,외기 간접,공동주택 외,제주도,1.16
19840317,바닥난방이 아닌 최하층 바닥,외기 간접,공동주택 외,제주도,1.16
19840317,바닥난방인 층간바닥,외기 직접,공동주택,제주도,1.16
19840317,바닥난방인 층간바닥,외기 직접,공동주택 외,제주도,1.16
19840317,바닥난방인 층간바닥,외기 간접,공동주택,제주도,1.16
19840317,바닥난방인 층간바닥,외기 간접,공동주택 외,제주도,1.16
19840317,바닥난방이 아닌 층간바닥,외기 직접,공동주택,제주도,1.16
19840317,바닥난방이 아닌 층간바닥,외기 직접,공동주택 외,제주도,1.16
19840317,바닥난방이 아닌 층간바닥,외기 간접,공동주택,제주도,1.16
19840317,바닥난방이 아닌 층간바닥,외기 간접,공동주택 외,제주도,1.16
19790916,외벽,외기 직접,공동주택,중부1,1.04
19790916,외벽,외기 간접,공동주택,중부1,1.04
19790916,외벽,외기 직접,공동주택 외,중부1,2.09
19790916,외벽,외기 간접,공동주택 외,중부1,2.09
19790916,최상층 지붕,외기 직접,공동주택,중부1,1.04
19790916,최상층 지붕,외기 간접,공동주택,중부1,1.04
19790916,최상층 지붕,외기 직접,공동주택 외,중부1,1.04
19790916,최상층 지붕,외기 간접,공동주택 외,중부1,1.04
19790916,바닥난방인 최하층 바닥,외기 직접,공동주택,중부1,1.74
19790916,바닥난방이 아닌 최하층 바닥,외기 직접,공동주택,중부1,1.74
19790916,바닥난방인 최하층 바닥,외기 간접,공동주택,중부1,1.74
19790916,바닥난방이 아닌 최하층 바닥,외기 간접,공동주택,중부1,1.74
19790916,바닥난방인 최하층 바닥,외기 직접,공동주택 외,중부1,1.74
19790916,바닥난방이 아닌 최하층 바닥,외기 직접,공동주택 외,중부1,1.74
19790916,바닥난방인 최하층 바닥,외기 간접,공동주택 외,중부1,1.74
19790916,바닥난방이 아닌 최하층 바닥,외기 간접,공동주택 외,중부1,1.74
19790916,바닥난방인 층간바닥,외기 직접,공동주택,중부1,1.74
19790916,바닥난방인 층간바닥,외기 직접,공동주택 외,중부1,1.74
19790916,바닥난방인 층간바닥,외기 간접,공동주택,중부1,1.74
19790916,바닥난방인 층간바닥,외기 간접,공동주택 외,중부1,1.74
19790916,바닥난방이 아닌 층간바닥,외기 직접,공동주택,중부1,1.74
19790916,바닥난방이 아닌 층간바닥,외기 직접,공동주택 외,중부1,1.74
19790916,바닥난방이 아닌 층간바닥,외기 간접,공동주택,중부1,1.74
19790916,바닥난방이 아닌 층간바닥,외기 간접,공동주택 외,중부1,1.74
19790916,외벽,외기 직접,공동주택,중부2,1.04
19790916,외벽,외기 간접,공동주택,중부2,1.04
19790916,외벽,외기 직접,공동주택 외,중부2,2.09
19790916,외벽,외기 간접,공동주택 외,중부2,2.09
19790916,최상층 지붕,외기 직접,공동주택,중부2,1.04
19790916,최상층 지붕,외기 간접,공동주택,중부2,1.04
19790916,최상층 지붕,외기 직접,공동주택 외,중부2,1.04
19790916,최상층 지붕,외기 간접,공동주택 외,중부2,1.04
19790916,바닥난방인 최하층 바닥,외기 직접,공동주택,중부2,1.74
19790916,바닥난방이 아닌 최하층 바닥,외기 직접,공동주택,중부2,1.74
19790916,바닥난방인 최하층 바닥,외기 간접,공동주택,중부2,1.74
19790916,바닥난방이 아닌 최하층 바닥,외기 간접,공동주택,중부2,1.74
19790916,바닥난방인 최하층 바닥,외기 직접,공동주택 외,중부2,1.74
19790916,바닥난방이 아닌 최하층 바닥,외기 직접,공동주택 외,중부2,1.74
19790916,바닥난방인 최하층 바닥,외기 간접,공동주택 외,중부2,1.74
19790916,바닥난방이 아닌 최하층 바닥,외기 간접,공동주택 외,중부2,1.74
19790916,바닥난방인 층간바닥,외기 직접,공동주택,중부2,1.74
19790916,바닥난방인 층간바닥,외기 직접,공동주택 외,중부2,1.74
19790916,바닥난방인 층간바닥,외기 간접,공동주택,중부2,1.74
19790916,바닥난방인 층간바닥,외기 간접,공동주택 외,중부2,1.74
19790916,바닥난방이 아닌 층간바닥,외기 직접,공동주택,중부2,1.74
19790916,바닥난방이 아닌 층간바닥,외기 직접,공동주택 외,중부2,1.74
19790916,바닥난방이 아닌 층간바닥,외기 간접,공동주택,중부2,1.74
19790916,바닥난방이 아닌 층간바닥,외기 간접,공동주택 외,중부2,1.74
19790916,외벽,외기 직접,공동주택,남부,1.04
19790916,외벽,외기 간접,공동주택,남부,1.04
19790916,외벽,외기 직접,공동주택 외,남부,2.09
19790916,외벽,외기 간접,공동주택 외,남부,2.09
19790916,최상층 지붕,외기 직접,공동주택,남부,1.04
19790916,최상층 지붕,외기 간접,공동주택,남부,1.04
19790916,최상층 지붕,외기 직접,공동주택 외,남부,1.04
19790916,최상층 지붕,외기 간접,공동주택 외,남부,1.04
19790916,바닥난방인 최하층 바닥,외기 직접,공동주택,남부,1.74
19790916,바닥난방이 아닌 최하층 바닥,외기 직접,공동주택,남부,1.74
19790916,바닥난방인 최하층 바닥,외기 간접,공동주택,남부,1.74
19790916,바닥난방이 아닌 최하층 바닥,외기 간접,공동주택,남부,1.74
19790916,바닥난방인 최하층 바닥,외기 직접,공동주택 외,남부,1.74
19790916,바닥난방이 아닌 최하층 바닥,외기 직접,공동주택 외,남부,1.74
19790916,바닥난방인 최하층 바닥,외기 간접,공동주택 외,남부,1.74
19790916,바닥난방이 아닌 최하층 바닥,외기 간접,공동주택 외,남부,1.74
19790916,바닥난방인 층간바닥,외기 직접,공동주택,남부,1.74
19790916,바닥난방인 층간바닥,외기 직접,공동주택 외,남부,1.74
19790916,바닥난방인 층간바닥,외기 간접,공동주택,남부,1.74
19790916,바닥난방인 층간바닥,외기 간접,공동주택 외,남부,1.74
19790916,바닥난방이 아닌 층간바닥,외기 직접,공동주택,남부,1.74
19790916,바닥난방이 아닌 층간바닥,외기 직접,공동주택 외,남부,1.74
19790916,바닥난방이 아닌 층간바닥,외기 간접,공동주택,남부,1.74
19790916,바닥난방이 아닌 층간바닥,외기 간접,공동주택 외,남부,1.74
19790916,외벽,외기 직접,공동주택,제주도,1.04
19790916,외벽,외기 간접,공동주택,제주도,1.04
19790916,외벽,외기 직접,공동주택 외,제주도,2.09
19790916,외벽,외기 간접,공동주택 외,제주도,2.09
19790916,최상층 지붕,외기 직접,공동주택,제주도,1.04
19790916,최상층 지붕,외기 간접,공동주택,제주도,1.04
19790916,최상층 지붕,외기 직접,공동주택 외,제주도,1.04
19790916,최상층 지붕,외기 간접,공동주택 외,제주도,1.04
19790916,바닥난방인 최하층 바닥,외기 직접,공동주택,제주도,1.74
19790916,바닥난방이 아닌 최하층 바닥,외기 직접,공동주택,제주도,1.74
19790916,바닥난방인 최하층 바닥,외기 간접,공동주택,제주도,1.74
19790916,바닥난방이 아닌 최하층 바닥,외기 간접,공동주택,제주도,1.74
19790916,바닥난방인 최하층 바닥,외기 직접,공동주택 외,제주도,1.74
19790916,바닥난방이 아닌 최하층 바닥,외기 직접,공동주택 외,제주도,1.74
19790916,바닥난방인 최하층 바닥,외기 간접,공동주택 외,제주도,1.74
19790916,바닥난방이 아닌 최하층 바닥,외기 간접,공동주택 외,제주도,1.74
19790916,바닥난방인 층간바닥,외기 직접,공동주택,제주도,1.74
19790916,바닥난방인 층간바닥,외기 직접,공동주택 외,제주도,1.74
19790916,바닥난방인 층간바닥,외기 간접,공동주택,제주도,1.74
19790916,바닥난방인 층간바닥,외기 간접,공동주택 외,제주도,1.74
19790916,바닥난방이 아닌 층간바닥,외기 직접,공동주택,제주도,1.74
19790916,바닥난방이 아닌 층간바닥,외기 직접,공동주택 외,제주도,1.74
19790916,바닥난방이 아닌 층간바닥,외기 간접,공동주택,제주도,1.74
19790916,바닥난방이 아닌 층간바닥,외기 간접,공동주택 외,제주도,1.74
19000101,외벽,외기 직접,공동주택,중부1,1.04
19000101,외벽,외기 간접,공동주택,중부1,1.04
19000101,외벽,외기 직접,공동주택 외,중부1,2.09
19000101,외벽,외기 간접,공동주택 외,중부1,2.09
19000101,최상층 지붕,외기 직접,공동주택,중부1,1.04
19000101,최상층 지붕,외기 간접,공동주택,중부1,1.04
19000101,최상층 지붕,외기 직접,공동주택 외,중부1,1.04
19000101,최상층 지붕,외기 간접,공동주택 외,중부1,1.04
19000101,바닥난방인 최하층 바닥,외기 직접,공동주택,중부1,1.74
19000101,바닥난방이 아닌 최하층 바닥,외기 직접,공동주택,중부1,1.74
19000101,바닥난방인 최하층 바닥,외기 간접,공동주택,중부1,1.74
19000101,바닥난방이 아닌 최하층 바닥,외기 간접,공동주택,중부1,1.74
19000101,바닥난방인 최하층 바닥,외기 직접,공동주택 외,중부1,1.74
19000101,바닥난방이 아닌 최하층 바닥,외기 직접,공동주택 외,중부1,1.74
19000101,바닥난방인 최하층 바닥,외기 간접,공동주택 외,중부1,1.74
19000101,바닥난방이 아닌 최하층 바닥,외기 간접,공동주택 외,중부1,1.74
19000101,바닥난방인 층간바닥,외기 직접,공동주택,중부1,1.74
19000101,바닥난방인 층간바닥,외기 직접,공동주택 외,중부1,1.74
19000101,바닥난방인 층간바닥,외기 간접,공동주택,중부1,1.74
19000101,바닥난방인 층간바닥,외기 간접,공동주택 외,중부1,1.74
19000101,바닥난방이 아닌 층간바닥,외기 직접,공동주택,중부1,1.74
19000101,바닥난방이 아닌 층간바닥,외기 직접,공동주택 외,중부1,1.74
19000101,바닥난방이 아닌 층간바닥,외기 간접,공동주택,중부1,1.74
19000101,바닥난방이 아닌 층간바닥,외기 간접,공동주택 외,중부1,1.74
19000101,외벽,외기 직접,공동주택,중부2,1.04
19000101,외벽,외기 간접,공동주택,중부2,1.04
19000101,외벽,외기 직접,공동주택 외,중부2,2.09
19000101,외벽,외기 간접,공동주택 외,중부2,2.09
19000101,최상층 지붕,외기 직접,공동주택,중부2,1.04
19000101,최상층 지붕,외기 간접,공동주택,중부2,1.04
19000101,최상층 지붕,외기 직접,공동주택 외,중부2,1.04
19000101,최상층 지붕,외기 간접,공동주택 외,중부2,1.04
19000101,바닥난방인 최하층 바닥,외기 직접,공동주택,중부2,1.74
19000101,바닥난방이 아닌 최하층 바닥,외기 직접,공동주택,중부2,1.74
19000101,바닥난방인 최하층 바닥,외기 간접,공동주택,중부2,1.74
19000101,바닥난방이 아닌 최하층 바닥,외기 간접,공동주택,중부2,1.74
19000101,바닥난방인 최하층 바닥,외기 직접,공동주택 외,중부2,1.74
19000101,바닥난방이 아닌 최하층 바닥,외기 직접,공동주택 외,중부2,1.74
19000101,바닥난방인 최하층 바닥,외기 간접,공동주택 외,중부2,1.74
19000101,바닥난방이 아닌 최하층 바닥,외기 간접,공동주택 외,중부2,1.74
19000101,바닥난방인 층간바닥,외기 직접,공동주택,중부2,1.74
19000101,바닥난방인 층간바닥,외기 직접,공동주택 외,중부2,1.74
19000101,바닥난방인 층간바닥,외기 간접,공동주택,중부2,1.74
19000101,바닥난방인 층간바닥,외기 간접,공동주택 외,중부2,1.74
19000101,바닥난방이 아닌 층간바닥,외기 직접,공동주택,중부2,1.74
19000101,바닥난방이 아닌 층간바닥,외기 직접,공동주택 외,중부2,1.74
19000101,바닥난방이 아닌 층간바닥,외기 간접,공동주택,중부2,1.74
19000101,바닥난방이 아닌 층간바닥,외기 간접,공동주택 외,중부2,1.74
19000101,외벽,외기 직접,공동주택,남부,1.04
19000101,외벽,외기 간접,공동주택,남부,1.04
19000101,외벽,외기 직접,공동주택 외,남부,2.09
19000101,외벽,외기 간접,공동주택 외,남부,2.09
19000101,최상층 지붕,외기 직접,공동주택,남부,1.04
19000101,최상층 지붕,외기 간접,공동주택,남부,1.04
19000101,최상층 지붕,외기 직접,공동주택 외,남부,1.04
19000101,최상층 지붕,외기 간접,공동주택 외,남부,1.04
19000101,바닥난방인 최하층 바닥,외기 직접,공동주택,남부,1.74
19000101,바닥난방이 아닌 최하층 바닥,외기 직접,공동주택,남부,1.74
19000101,바닥난방인 최하층 바닥,외기 간접,공동주택,남부,1.74
19000101,바닥난방이 아닌 최하층 바닥,외기 간접,공동주택,남부,1.74
19000101,바닥난방인 최하층 바닥,외기 직접,공동주택 외,남부,1.74
19000101,바닥난방이 아닌 최하층 바닥,외기 직접,공동주택 외,남부,1.74
19000101,바닥난방인 최하층 바닥,외기 간접,공동주택 외,남부,1.74
19000101,바닥난방이 아닌 최하층 바닥,외기 간접,공동주택 외,남부,1.74
19000101,바닥난방인 층간바닥,외기 직접,공동주택,남부,1.74
19000101,바닥난방인 층간바닥,외기 직접,공동주택 외,남부,1.74
19000101,바닥난방인 층간바닥,외기 간접,공동주택,남부,1.74
19000101,바닥난방인 층간바닥,외기 간접,공동주택 외,남부,1.74
19000101,바닥난방이 아닌 층간바닥,외기 직접,공동주택,남부,1.74
19000101,바닥난방이 아닌 층간바닥,외기 직접,공동주택 외,남부,1.74
19000101,바닥난방이 아닌 층간바닥,외기 간접,공동주택,남부,1.74
19000101,바닥난방이 아닌 층간바닥,외기 간접,공동주택 외,남부,1.74
19000101,외벽,외기 직접,공동주택,제주도,1.04
19000101,외벽,외기 간접,공동주택,제주도,1.04
19000101,외벽,외기 직접,공동주택 외,제주도,2.09
19000101,외벽,외기 간접,공동주택 외,제주도,2.09
19000101,최상층 지붕,외기 직접,공동주택,제주도,1.04
19000101,최상층 지붕,외기 간접,공동주택,제주도,1.04
19000101,최상층 지붕,외기 직접,공동주택 외,제주도,1.04
19000101,최상층 지붕,외기 간접,공동주택 외,제주도,1.04
19000101,바닥난방인 최하층 바닥,외기 직접,공동주택,제주도,1.74
19000101,바닥난방이 아닌 최하층 바닥,외기 직접,공동주택,제주도,1.74
19000101,바닥난방인 최하층 바닥,외기 간접,공동주택,제주도,1.74
19000101,바닥난방이 아닌 최하층 바닥,외기 간접,공동주택,제주도,1.74
19000101,바닥난방인 최하층 바닥,외기 직접,공동주택 외,제주도,1.74
19000101,바닥난방이 아닌 최하층 바닥,외기 직접,공동주택 외,제주도,1.74
19000101,바닥난방인 최하층 바닥,외기 간접,공동주택 외,제주도,1.74
19000101,바닥난방이 아닌 최하층 바닥,외기 간접,공동주택 외,제주도,1.74
19000101,바닥난방인 층간바닥,외기 직접,공동주택,제주도,1.74
19000101,바닥난방인 층간바닥,외기 직접,공동주택 외,제주도,1.74
19000101,바닥난방인 층간바닥,외기 간접,공동주택,제주도,1.74
19000101,바닥난방인 층간바닥,외기 간접,공동주택 외,제주도,1.74
19000101,바닥난방이 아닌 층간바닥,외기 직접,공동주택,제주도,1.74
19000101,바닥난방이 아닌 층간바닥,외기 직접,공동주택 외,제주도,1.74
19000101,바닥난방이 아닌 층간바닥,외기 간접,공동주택,제주도,1.74
19000101,바닥난방이 아닌 층간바닥,외기 간접,공동주택 외,제주도,1.74
